,smiles,CID,MolecularFormula,MolecularWeight,InChI,InChIKey,IUPACName,XLogP,ExactMass,MonoisotopicMass,TPSA,Complexity,Charge,HBondDonorCount,HBondAcceptorCount,RotatableBondCount,HeavyAtomCount,IsotopeAtomCount,AtomStereoCount,DefinedAtomStereoCount,UndefinedAtomStereoCount,BondStereoCount,DefinedBondStereoCount,UndefinedBondStereoCount,CovalentUnitCount,Volume3D,XStericQuadrupole3D,YStericQuadrupole3D,ZStericQuadrupole3D,FeatureCount3D,FeatureAcceptorCount3D,FeatureDonorCount3D,FeatureAnionCount3D,FeatureCationCount3D,FeatureRingCount3D,FeatureHydrophobeCount3D,ConformerModelRMSD3D,EffectiveRotorCount3D,ConformerCount3D
0,OC(=O)OCC,105349,C3H6O3,90.08,"InChI=1S/C3H6O3/c1-2-6-3(4)5/h2H2,1H3,(H,4,5)",CQDGTJPVBWZJAZ-UHFFFAOYSA-N,ethyl hydrogen carbonate,0.6,90.031694049,90.031694049,46.5,50,0,1,3,2,6,0,0,0,0,0,0,0,1.0,68.8,3.17,0.99,0.56,3.0,2.0,0.0,1.0,0.0,0.0,0.0,0.4,2.0,9.0
1,FOC,142072,CH3FO,50.032,InChI=1S/CH3FO/c1-3-2/h1H3,XMSZANIMCDLNKA-UHFFFAOYSA-N,methyl hypofluorite,0.6,50.016792877,50.016792877,9.2,4,0,0,2,0,3,0,0,0,0,0,0,0,1.0,37.1,1.45,0.67,0.54,0.0,0.0,0.0,0.0,0.0,0.0,0.0,0.4,0.0,1.0
2,COC(=O)O,78579,C2H4O3,76.05,"InChI=1S/C2H4O3/c1-5-2(3)4/h1H3,(H,3,4)",CXHHBNMLPJOKQD-UHFFFAOYSA-N,methyl hydrogen carbonate,0.2,76.016043985,76.016043985,46.5,40,0,1,3,1,5,0,0,0,0,0,0,0,1.0,56.0,2.0,1.02,0.55,3.0,2.0,0.0,1.0,0.0,0.0,0.0,0.4,1.0,1.0
3,S(=O)(=O)O,104748,HO3S-,81.07,"InChI=1S/H2O3S/c1-4(2)3/h(H2,1,2,3)/p-1",LSNNMFCWUKXFEE-UHFFFAOYSA-M,hydrogen sulfite,-1,80.96464006,80.96464006,79.6,24,-1,1,4,0,4,0,0,0,0,0,0,0,1.0,48.4,1.25,1.23,0.6,3.0,3.0,0.0,0.0,0.0,0.0,0.0,0.4,0.0,1.0
4,CNO,11647,CH5NO,47.057,"InChI=1S/CH5NO/c1-2-3/h2-3H,1H3",CPQCSJYYDADLCZ-UHFFFAOYSA-N,N-methylhydroxylamine,-0.7,47.037113783,47.037113783,32.3,4,0,2,2,0,3,0,0,0,0,0,0,0,1.0,38.8,1.46,0.71,0.55,1.0,0.0,0.0,1.0,0.0,0.0,0.0,0.4,0.0,1.0
5,CCC[N+](=O)[O-],7903,C3H7NO2,89.09,"InChI=1S/C3H7NO2/c1-2-3-4(5)6/h2-3H2,1H3",JSZOAYXJRCEYSX-UHFFFAOYSA-N,1-nitropropane,0.9,89.047678466,89.047678466,45.8,47,0,0,2,1,6,0,0,0,0,0,0,0,1.0,71.2,3.13,0.9,0.7,4.0,2.0,0.0,1.0,0.0,0.0,1.0,0.4,2.0,8.0
6,N,222,H3N,17.031,InChI=1S/H3N/h1H3,QGZKDVFQNNGYKY-UHFFFAOYSA-N,azane,-0.7,17.026549100,17.026549100,1.0,0,0,1,1,0,1,0,0,0,0,0,0,0,1.0,15.6,0.51,0.51,0.51,1.0,0.0,0.0,0.0,1.0,0.0,0.0,0.4,0.0,1.0
7,Br,260,BrH,80.91,InChI=1S/BrH/h1H,CPELXLSAUQHCOX-UHFFFAOYSA-N,bromane,1,79.92616,79.92616,0.0,0,0,1,0,0,1,0,0,0,0,0,0,0,1.0,26.5,0.73,0.73,0.73,1.0,0.0,0.0,1.0,0.0,0.0,0.0,0.4,0.0,1.0
8,C(=O),712,CH2O,30.026,InChI=1S/CH2O/c1-2/h1H2,WSFSSNUMVMOOMR-UHFFFAOYSA-N,formaldehyde,1.2,30.010564683,30.010564683,17.1,2,0,0,1,0,2,0,0,0,0,0,0,0,1.0,26.8,0.93,0.56,0.56,1.0,1.0,0.0,0.0,0.0,0.0,0.0,0.4,0.0,1.0
9,OS(=O)(=O),104748,HO3S-,81.07,"InChI=1S/H2O3S/c1-4(2)3/h(H2,1,2,3)/p-1",LSNNMFCWUKXFEE-UHFFFAOYSA-M,hydrogen sulfite,-1,80.96464006,80.96464006,79.6,24,-1,1,4,0,4,0,0,0,0,0,0,0,1.0,48.4,1.25,1.23,0.6,3.0,3.0,0.0,0.0,0.0,0.0,0.0,0.4,0.0,1.0
10,CBr,6323,CH3Br,94.94,InChI=1S/CH3Br/c1-2/h1H3,GZUXJHMPEANEGY-UHFFFAOYSA-N,bromomethane,1,93.94181,93.94181,0.0,2,0,0,0,0,2,0,0,0,0,0,0,0,1.0,41.5,1.6,0.68,0.68,1.0,0.0,0.0,0.0,0.0,0.0,1.0,0.4,0.0,1.0
11,CN[N+](=O)([O-]),421670,CH4N2O2,76.055,"InChI=1S/CH4N2O2/c1-2-3(4)5/h2H,1H3",ARCZSDSOONGBRX-UHFFFAOYSA-N,N-methylnitramide,0.5,76.027277375,76.027277375,57.8,37,0,1,3,0,5,0,0,0,0,0,0,0,1.0,54.9,1.95,0.98,0.6,3.0,2.0,1.0,0.0,0.0,0.0,0.0,0.4,1.0,2.0
12,CCOC(#N),533706,C3H5NO,71.08,"InChI=1S/C3H5NO/c1-2-5-3-4/h2H2,1H3",JXBPSENIJJPTCI-UHFFFAOYSA-N,ethyl cyanate,0.8,71.037113783,71.037113783,33.0,51,0,0,2,1,5,0,0,0,0,0,0,0,1.0,59.7,3.26,0.7,0.58,2.0,2.0,0.0,0.0,0.0,0.0,0.0,0.4,1.0,3.0
13,CON,4113,CH5NO,47.057,"InChI=1S/CH5NO/c1-3-2/h2H2,1H3",GMPKIPWJBDOURN-UHFFFAOYSA-N,O-methylhydroxylamine,-0.7,47.037113783,47.037113783,35.2,4,0,1,2,0,3,0,0,0,0,0,0,0,1.0,38.8,1.49,0.7,0.55,0.0,0.0,0.0,0.0,0.0,0.0,0.0,0.4,0.0,1.0
14,ClCCC,10899,C3H7Cl,78.54,"InChI=1S/C3H7Cl/c1-2-3-4/h2-3H2,1H3",SNMVRZFUUCLYTO-UHFFFAOYSA-N,1-chloropropane,2,78.0236279,78.0236279,0.0,7,0,0,0,1,4,0,0,0,0,0,0,0,1.0,61.4,2.17,1.05,0.68,1.0,0.0,0.0,0.0,0.0,0.0,1.0,0.4,1.0,3.0
15,CF,11638,CH3F,34.033,InChI=1S/CH3F/c1-2/h1H3,NBVXSUQYWXRMNV-UHFFFAOYSA-N,fluoromethane,0.6,34.021878258,34.021878258,0.0,2,0,0,1,0,2,0,0,0,0,0,0,0,1.0,27.3,0.99,0.56,0.56,0.0,0.0,0.0,0.0,0.0,0.0,0.0,0.4,0.0,1.0
16,OS(=O)(=O)CCC,78938,C3H8O3S,124.16,"InChI=1S/C3H8O3S/c1-2-3-7(4,5)6/h2-3H2,1H3,(H,4,5,6)",KCXFHTAICRTXLI-UHFFFAOYSA-N,propane-1-sulfonic acid,0,124.01941529,124.01941529,62.8,118,0,1,3,2,7,0,0,0,0,0,0,0,1.0,87.7,3.48,1.01,0.95,5.0,3.0,0.0,1.0,0.0,0.0,1.0,0.4,2.0,3.0
17,C(#N),768,CHN,27.025,InChI=1S/CHN/c1-2/h1H,LELOWRISYMNNSU-UHFFFAOYSA-N,formonitrile,0.1,27.010899036,27.010899036,23.8,10,0,0,1,0,2,0,0,0,0,0,0,0,1.0,26.7,0.9,0.57,0.57,1.0,1.0,0.0,0.0,0.0,0.0,0.0,0.4,0.0,1.0
18,Cl,313,ClH,36.46,InChI=1S/ClH/h1H,VEXZGXHMUGYJMC-UHFFFAOYSA-N,chlorane,0.8,35.9766777,35.9766777,0.0,0,0,1,0,0,1,0,0,0,0,0,0,0,1.0,22.4,0.65,0.65,0.65,1.0,0.0,0.0,1.0,0.0,0.0,0.0,0.4,0.0,1.0
19,OC(=O)O,767,CH2O3,62.025,"InChI=1S/CH2O3/c2-1(3)4/h(H2,2,3,4)",BVKZGUZCCUSVTD-UHFFFAOYSA-N,carbonic acid,-0.1,62.000393922,62.000393922,57.5,26,0,2,3,0,4,0,0,0,0,0,0,0,1.0,42.6,1.14,1.09,0.53,4.0,3.0,0.0,1.0,0.0,0.0,0.0,0.4,0.0,1.0
20,CCO,702,C2H6O,46.07,"InChI=1S/C2H6O/c1-2-3/h3H,2H2,1H3",LFQSCWFLJHTTHZ-UHFFFAOYSA-N,ethanol,-0.1,46.041864811,46.041864811,20.2,2,0,1,1,0,3,0,0,0,0,0,0,0,1.0,41.5,1.48,0.75,0.58,2.0,1.0,1.0,0.0,0.0,0.0,0.0,0.4,0.0,1.0
21,OCCC,1031,C3H8O,60.10,"InChI=1S/C3H8O/c1-2-3-4/h4H,2-3H2,1H3",BDERNNFJNOPAEC-UHFFFAOYSA-N,propan-1-ol,0.3,60.057514874,60.057514874,20.2,7,0,1,1,1,4,0,0,0,0,0,0,0,1.0,54.4,2.36,0.75,0.59,3.0,1.0,1.0,0.0,0.0,0.0,1.0,0.4,1.0,3.0
22,OS(=O)(=O)C(=O)O,18466245,CH2O5S,126.09,"InChI=1S/CH2O5S/c2-1(3)7(4,5)6/h(H,2,3)(H,4,5,6)",DIORMHZUUKOISG-UHFFFAOYSA-N,sulfoformic acid,-1,125.96229433,125.96229433,100.0,157,0,2,5,1,7,0,0,0,0,0,0,0,1.0,76.1,1.95,1.27,0.95,7.0,5.0,0.0,2.0,0.0,0.0,0.0,0.4,1.0,1.0
23,CCO,702,C2H6O,46.07,"InChI=1S/C2H6O/c1-2-3/h3H,2H2,1H3",LFQSCWFLJHTTHZ-UHFFFAOYSA-N,ethanol,-0.1,46.041864811,46.041864811,20.2,2,0,1,1,0,3,0,0,0,0,0,0,0,1.0,41.5,1.48,0.75,0.58,2.0,1.0,1.0,0.0,0.0,0.0,0.0,0.4,0.0,1.0
24,OS(=O)(=O)OCC,6004,C2H6O4S,126.13,"InChI=1S/C2H6O4S/c1-2-6-7(3,4)5/h2H2,1H3,(H,3,4,5)",KIWBPDUYBMNFTB-UHFFFAOYSA-N,ethyl hydrogen sulfate,-0.5,125.99867984,125.99867984,72.0,117,0,1,4,2,7,0,0,0,0,0,0,0,1.0,83.8,3.43,0.98,0.95,4.0,3.0,0.0,1.0,0.0,0.0,0.0,0.4,2.0,3.0
25,CO,887,CH4O,32.042,"InChI=1S/CH4O/c1-2/h2H,1H3",OKKJLVBELUTLKV-UHFFFAOYSA-N,methanol,-0.5,32.026214747,32.026214747,20.2,2,0,1,1,0,2,0,0,0,0,0,0,0,1.0,28.6,1.05,0.56,0.56,2.0,1.0,1.0,0.0,0.0,0.0,0.0,0.4,0.0,1.0
26,CCBr,6332,C2H5Br,108.97,"InChI=1S/C2H5Br/c1-2-3/h2H2,1H3",RDHPKYGYEGBMSE-UHFFFAOYSA-N,bromoethane,1.4,107.95746,107.95746,0.0,2,0,0,0,0,3,0,0,0,0,0,0,0,1.0,54.2,2.09,0.85,0.66,2.0,0.0,0.0,0.0,0.0,0.0,2.0,0.4,0.0,1.0
27,OF,123334,FHO,36.006,InChI=1S/FHO/c1-2/h2H,AQYSYJUIMQTRMV-UHFFFAOYSA-N,hypofluorous acid,0.1,36.001142813,36.001142813,20.2,2,0,1,2,0,2,0,0,0,0,0,0,0,1.0,23.3,0.97,0.48,0.48,0.0,0.0,0.0,0.0,0.0,0.0,0.0,0.4,0.0,1.0
28,[N+](=O)([O-])N,24534,H2N2O2,62.028,InChI=1S/H2N2O2/c1-2(3)4/h1H2,SFDJOSRHYKHMOK-UHFFFAOYSA-N,nitramide,-0.2,62.011627311,62.011627311,71.8,25,0,1,3,0,4,0,0,0,0,0,0,0,1.0,40.0,1.11,1.1,0.5,2.0,2.0,0.0,0.0,0.0,0.0,0.0,0.4,0.0,1.0
29,CNC,674,C2H7N,45.08,"InChI=1S/C2H7N/c1-3-2/h3H,1-2H3",ROSDSFDQCJNGOL-UHFFFAOYSA-N,N-methylmethanamine,-0.2,45.057849228,45.057849228,12.0,2,0,1,1,0,3,0,0,0,0,0,0,0,1.0,43.2,1.63,0.72,0.59,2.0,0.0,1.0,0.0,1.0,0.0,0.0,0.4,0.0,1.0
30,CCCOS(=O)(=O)O,70469,C3H8O4S,140.16,"InChI=1S/C3H8O4S/c1-2-3-7-8(4,5)6/h2-3H2,1H3,(H,4,5,6)",TYRGSDXYMNTMML-UHFFFAOYSA-N,propyl hydrogen sulfate,0.1,140.01432991,140.01432991,72.0,130,0,1,4,3,8,0,0,0,0,0,0,0,1.0,96.7,5.03,0.96,0.9,5.0,3.0,0.0,1.0,0.0,0.0,1.0,0.6,3.0,6.0
31,C1=CC=CC=C1C,1140,C7H8,92.14,"InChI=1S/C7H8/c1-7-5-3-2-4-6-7/h2-6H,1H3",YXFVVABEGXRONW-UHFFFAOYSA-N,toluene,2.7,92.062600255,92.062600255,0.0,42,0,0,0,0,7,0,0,0,0,0,0,0,1.0,80.1,2.47,1.45,0.62,1.0,0.0,0.0,0.0,0.0,1.0,0.0,0.4,0.0,1.0
32,C,297,CH4,16.043,InChI=1S/CH4/h1H4,VNWKTOKETHGBQD-UHFFFAOYSA-N,methane,0.6,16.0313001276,16.0313001276,0.0,0,0,0,0,0,1,0,0,0,0,0,0,0,1.0,20.6,0.62,0.62,0.62,0.0,0.0,0.0,0.0,0.0,0.0,0.0,0.4,0.0,1.0
33,CCCOBr,20226729,C3H7BrO,138.99,"InChI=1S/C3H7BrO/c1-2-3-5-4/h2-3H2,1H3",ZRPLYMXEZCXKRA-UHFFFAOYSA-N,propyl hypobromite,1.9,137.96803,137.96803,9.2,16,0,0,1,1,5,0,0,0,0,0,0,0,1.0,75.7,4.27,0.79,0.63,1.0,0.0,0.0,0.0,0.0,0.0,1.0,0.4,2.0,9.0
34,OC(=O)C,176,C2H4O2,60.05,"InChI=1S/C2H4O2/c1-2(3)4/h1H3,(H,3,4)",QTBSBXVTEAMEQO-UHFFFAOYSA-N,acetic acid,-0.2,60.021129366,60.021129366,37.3,31,0,1,2,0,4,0,0,0,0,0,0,0,1.0,47.7,1.33,1.11,0.56,3.0,2.0,0.0,1.0,0.0,0.0,0.0,0.4,0.0,1.0
35,F,14917,FH,20.0064,InChI=1S/FH/h1H,KRHYYFGTRYWZRS-UHFFFAOYSA-N,fluorane,0.6,20.006228194,20.006228194,0.0,0,0,1,1,0,1,0,0,0,0,0,0,0,1.0,13.3,0.46,0.46,0.46,1.0,0.0,0.0,1.0,0.0,0.0,0.0,0.4,0.0,1.0
36,[N+](=O)([O-])O,944,HNO3,63.013,"InChI=1S/HNO3/c2-1(3)4/h(H,2,3,4)",GRYLNZFGIOXLOG-UHFFFAOYSA-N,nitric acid,0.2,62.995642894,62.995642894,66.0,24,0,1,3,0,4,0,0,0,0,0,0,0,1.0,37.2,1.12,1.1,0.5,3.0,3.0,0.0,0.0,0.0,0.0,0.0,0.4,0.0,1.0
37,C1=CC=CC=C1,241,C6H6,78.11,InChI=1S/C6H6/c1-2-4-6-5-3-1/h1-6H,UHOVQNZJYSORNB-UHFFFAOYSA-N,benzene,2.1,78.0469501914,78.0469501914,0.0,15,0,0,0,0,6,0,0,0,0,0,0,0,1.0,67.5,1.59,1.59,0.62,1.0,0.0,0.0,0.0,0.0,1.0,0.0,0.4,0.0,1.0
38,O,962,H2O,18.015,InChI=1S/H2O/h1H2,XLYOFNOQVPJJNP-UHFFFAOYSA-N,oxidane,-0.5,18.010564683,18.010564683,1.0,0,0,1,1,0,1,0,0,0,0,0,0,0,1.0,14.7,0.49,0.49,0.49,2.0,1.0,1.0,0.0,0.0,0.0,0.0,0.4,0.0,1.0
39,C(=O)S(=O)(=O)O,13180177,CH2O4S,110.09,"InChI=1S/CH2O4S/c2-1-6(3,4)5/h1H,(H,3,4,5)",XFYKNUSGXLKUBE-UHFFFAOYSA-N,oxomethanesulfonic acid,-1.1,109.96737971,109.96737971,79.8,124,0,1,4,1,6,0,0,0,0,0,0,0,1.0,68.3,1.84,1.04,1.02,4.0,3.0,0.0,1.0,0.0,0.0,0.0,0.4,1.0,1.0
40,ClC(=O),75720,CHClO,64.47,InChI=1S/CHClO/c2-1-3/h1H,GFAUNYMRSKVDJL-UHFFFAOYSA-N,formyl chloride,0.8,63.9715923,63.9715923,17.1,12,0,0,1,0,3,0,0,0,0,0,0,0,1.0,42.2,1.77,0.69,0.6,0.0,0.0,0.0,0.0,0.0,0.0,0.0,0.4,0.0,1.0
41,CCCO,1031,C3H8O,60.10,"InChI=1S/C3H8O/c1-2-3-4/h4H,2-3H2,1H3",BDERNNFJNOPAEC-UHFFFAOYSA-N,propan-1-ol,0.3,60.057514874,60.057514874,20.2,7,0,1,1,1,4,0,0,0,0,0,0,0,1.0,54.4,2.36,0.75,0.59,3.0,1.0,1.0,0.0,0.0,0.0,1.0,0.4,1.0,3.0
42,CN,6329,CH5N,31.057,"InChI=1S/CH5N/c1-2/h2H2,1H3",BAVYZALUXZFZLV-UHFFFAOYSA-N,methanamine,-0.7,31.042199164,31.042199164,26.0,2,0,1,1,0,2,0,0,0,0,0,0,0,1.0,29.3,1.07,0.57,0.57,2.0,0.0,1.0,0.0,1.0,0.0,0.0,0.4,0.0,1.0
43,C(=O)O,284,CH2O2,46.025,"InChI=1S/CH2O2/c2-1-3/h1H,(H,2,3)",BDAGIHXWWSANSR-UHFFFAOYSA-N,formic acid,-0.2,46.005479302,46.005479302,37.3,10,0,1,2,0,3,0,0,0,0,0,0,0,1.0,34.6,1.31,0.63,0.54,3.0,2.0,0.0,1.0,0.0,0.0,0.0,0.4,0.0,1.0
44,ClOCCC,10986156,C3H7ClO,94.54,"InChI=1S/C3H7ClO/c1-2-3-5-4/h2-3H2,1H3",PMYRRVREJIBUQU-UHFFFAOYSA-N,propyl hypochlorite,1.8,94.0185425,94.0185425,9.2,16,0,0,1,1,5,0,0,0,0,0,0,0,1.0,71.3,3.97,0.77,0.61,1.0,0.0,0.0,0.0,0.0,0.0,1.0,0.4,2.0,7.0
45,Cl,313,ClH,36.46,InChI=1S/ClH/h1H,VEXZGXHMUGYJMC-UHFFFAOYSA-N,chlorane,0.8,35.9766777,35.9766777,0.0,0,0,1,0,0,1,0,0,0,0,0,0,0,1.0,22.4,0.65,0.65,0.65,1.0,0.0,0.0,1.0,0.0,0.0,0.0,0.4,0.0,1.0
46,OC(=O)Cl,164602,CHClO2,80.47,"InChI=1S/CHClO2/c2-1(3)4/h(H,3,4)",AOGYCOYQMAVAFD-UHFFFAOYSA-N,carbonochloridic acid,0.9,79.9665070,79.9665070,37.3,33,0,1,2,0,4,0,0,0,0,0,0,0,1.0,50.1,1.6,1.09,0.58,3.0,2.0,0.0,1.0,0.0,0.0,0.0,0.4,0.0,1.0
47,NOC,4113,CH5NO,47.057,"InChI=1S/CH5NO/c1-3-2/h2H2,1H3",GMPKIPWJBDOURN-UHFFFAOYSA-N,O-methylhydroxylamine,-0.7,47.037113783,47.037113783,35.2,4,0,1,2,0,3,0,0,0,0,0,0,0,1.0,38.8,1.49,0.7,0.55,0.0,0.0,0.0,0.0,0.0,0.0,0.0,0.4,0.0,1.0
48,CCCS(=O)(=O)O,78938,C3H8O3S,124.16,"InChI=1S/C3H8O3S/c1-2-3-7(4,5)6/h2-3H2,1H3,(H,4,5,6)",KCXFHTAICRTXLI-UHFFFAOYSA-N,propane-1-sulfonic acid,0,124.01941529,124.01941529,62.8,118,0,1,3,2,7,0,0,0,0,0,0,0,1.0,87.7,3.48,1.01,0.95,5.0,3.0,0.0,1.0,0.0,0.0,1.0,0.4,2.0,3.0
49,F,14917,FH,20.0064,InChI=1S/FH/h1H,KRHYYFGTRYWZRS-UHFFFAOYSA-N,fluorane,0.6,20.006228194,20.006228194,0.0,0,0,1,1,0,1,0,0,0,0,0,0,0,1.0,13.3,0.46,0.46,0.46,1.0,0.0,0.0,1.0,0.0,0.0,0.0,0.4,0.0,1.0
50,[N+](=O)([O-])I,11984676,HINO2-,173.918,InChI=1S/HI.HNO2/c;2-1-3/h1H;1H/p-1,QLKSBSRYIUJEHJ-UHFFFAOYSA-M,oxido(oxo)azanium;iodide,173.90520,173.90520,48.1,10.0,-1,1,3,0,4,0,0,0,0,0,0,0,2,0.0,,,,,,,,,,,,,,
51,CCO,702,C2H6O,46.07,"InChI=1S/C2H6O/c1-2-3/h3H,2H2,1H3",LFQSCWFLJHTTHZ-UHFFFAOYSA-N,ethanol,-0.1,46.041864811,46.041864811,20.2,2,0,1,1,0,3,0,0,0,0,0,0,0,1.0,41.5,1.48,0.75,0.58,2.0,1.0,1.0,0.0,0.0,0.0,0.0,0.4,0.0,1.0
52,FCC,9620,C2H5F,48.06,"InChI=1S/C2H5F/c1-2-3/h2H2,1H3",UHCBBWUQDAVSMS-UHFFFAOYSA-N,fluoroethane,0.9,48.037528322,48.037528322,0.0,2,0,0,1,0,3,0,0,0,0,0,0,0,1.0,40.2,1.42,0.73,0.58,0.0,0.0,0.0,0.0,0.0,0.0,0.0,0.4,0.0,1.0
53,CONC,14232,C2H7NO,61.08,"InChI=1S/C2H7NO/c1-3-4-2/h3H,1-2H3",KRKPYFLIYNGWTE-UHFFFAOYSA-N,N-methoxymethanamine,-0.2,61.052763847,61.052763847,21.3,10,0,1,2,1,4,0,0,0,0,0,0,0,1.0,52.6,2.49,0.7,0.57,0.0,0.0,0.0,0.0,0.0,0.0,0.0,0.4,1.0,3.0
54,FC,11638,CH3F,34.033,InChI=1S/CH3F/c1-2/h1H3,NBVXSUQYWXRMNV-UHFFFAOYSA-N,fluoromethane,0.6,34.021878258,34.021878258,0.0,2,0,0,1,0,2,0,0,0,0,0,0,0,1.0,27.3,0.99,0.56,0.56,0.0,0.0,0.0,0.0,0.0,0.0,0.0,0.4,0.0,1.0
55,BrCl,61697,BrCl,115.36,InChI=1S/BrCl/c1-2,CODNYICXDISAEA-UHFFFAOYSA-N,1.8,113.88719,113.88719,0,2.0,0,0,0,0,2,0,0,0,0,0,0,0,1,0.0,,,,,,,,,,,,,,
56,I,24841,HI,127.9124,InChI=1S/HI/h1H,XMBWDFGMSWQBCA-UHFFFAOYSA-N,iodane,0.9,127.91230,127.91230,0.0,0,0,1,0,0,1,0,0,0,0,0,0,0,1.0,32.5,0.84,0.84,0.84,1.0,0.0,0.0,1.0,0.0,0.0,0.0,0.4,0.0,1.0
57,[N+](=O)([O-])C(=O),11434909,CHNO3,75.024,InChI=1S/CHNO3/c3-1-2(4)5/h1H,CAMJPMYWRKKZNK-UHFFFAOYSA-N,nitroformaldehyde,0,74.995642894,74.995642894,62.9,52,0,0,3,0,5,0,0,0,0,0,0,0,1.0,50.4,1.85,1.0,0.53,3.0,3.0,0.0,0.0,0.0,0.0,0.0,0.4,1.0,1.0
58,C(=O)OCC,8025,C3H6O2,74.08,"InChI=1S/C3H6O2/c1-2-5-3-4/h3H,2H2,1H3",WBJINCZRORDGAQ-UHFFFAOYSA-N,ethyl formate,0.5,74.036779430,74.036779430,26.3,26,0,0,2,2,5,0,0,0,0,0,0,0,1.0,60.8,2.89,0.81,0.58,1.0,1.0,0.0,0.0,0.0,0.0,0.0,0.4,2.0,3.0
59,OS(=O)(=O)C(=O),13180177,CH2O4S,110.09,"InChI=1S/CH2O4S/c2-1-6(3,4)5/h1H,(H,3,4,5)",XFYKNUSGXLKUBE-UHFFFAOYSA-N,oxomethanesulfonic acid,-1.1,109.96737971,109.96737971,79.8,124,0,1,4,1,6,0,0,0,0,0,0,0,1.0,68.3,1.84,1.04,1.02,4.0,3.0,0.0,1.0,0.0,0.0,0.0,0.4,1.0,1.0
60,IS(=O)(=O)O,20836541,HIO3S,207.98,"InChI=1S/HIO3S/c1-5(2,3)4/h(H,2,3,4)",WMGWLIAIMDFMIQ-UHFFFAOYSA-N,sulfuroiodidic acid,0,207.86911,207.86911,62.8,92,0,1,3,0,5,0,0,0,0,0,0,0,1.0,76.0,2.15,1.12,1.1,4.0,3.0,0.0,1.0,0.0,0.0,0.0,0.4,0.0,1.0
61,ClC(=O)O,164602,CHClO2,80.47,"InChI=1S/CHClO2/c2-1(3)4/h(H,3,4)",AOGYCOYQMAVAFD-UHFFFAOYSA-N,carbonochloridic acid,0.9,79.9665070,79.9665070,37.3,33,0,1,2,0,4,0,0,0,0,0,0,0,1.0,50.1,1.6,1.09,0.58,3.0,2.0,0.0,1.0,0.0,0.0,0.0,0.4,0.0,1.0
62,CC,6324,C2H6,30.07,InChI=1S/C2H6/c1-2/h1-2H3,OTMSDBZUPAUEDD-UHFFFAOYSA-N,ethane,1.3,30.0469501914,30.0469501914,0.0,0,0,0,0,0,2,0,0,0,0,0,0,0,1.0,33.4,1.19,0.62,0.62,2.0,0.0,0.0,0.0,0.0,0.0,2.0,0.4,0.0,1.0
63,C(=O),712,CH2O,30.026,InChI=1S/CH2O/c1-2/h1H2,WSFSSNUMVMOOMR-UHFFFAOYSA-N,formaldehyde,1.2,30.010564683,30.010564683,17.1,2,0,0,1,0,2,0,0,0,0,0,0,0,1.0,26.8,0.93,0.56,0.56,1.0,1.0,0.0,0.0,0.0,0.0,0.0,0.4,0.0,1.0
64,CO[N+](=O)[O-],11724,CH3NO3,77.040,InChI=1S/CH3NO3/c1-5-2(3)4/h1H3,LRMHVVPPGGOAJQ-UHFFFAOYSA-N,methyl nitrate,0.5,77.011292958,77.011292958,55.0,36,0,0,3,0,5,0,0,0,0,0,0,0,1.0,54.2,1.98,0.97,0.55,2.0,2.0,0.0,0.0,0.0,0.0,0.0,0.4,1.0,2.0
65,OOCC,62472,C2H6O2,62.07,"InChI=1S/C2H6O2/c1-2-4-3/h3H,2H2,1H3",ILHIHKRJJMKBEE-UHFFFAOYSA-N,hydroperoxyethane,0,62.036779430,62.036779430,29.5,8,0,1,2,1,4,0,0,0,0,0,0,0,1.0,51.1,2.31,0.71,0.56,0.0,0.0,0.0,0.0,0.0,0.0,0.0,0.4,1.0,3.0
66,[N+](=O)([O-]),24529,HNO2,47.014,"InChI=1S/HNO2/c2-1-3/h(H,2,3)",IOVCWXUNBOPUCH-UHFFFAOYSA-N,nitrous acid,-0.3,47.000728275,47.000728275,49.7,10,0,1,3,0,3,0,0,0,0,0,0,0,1.0,32.7,1.34,0.64,0.5,2.0,2.0,0.0,0.0,0.0,0.0,0.0,0.4,0.0,1.0
67,[N+](=O)([O-])C1=C(C=CC=C1),7416,C6H5NO2,123.11,InChI=1S/C6H5NO2/c8-7(9)6-4-2-1-3-5-6/h1-5H,LQNUZADURLCDLV-UHFFFAOYSA-N,nitrobenzene,1.9,123.032028402,123.032028402,45.8,102,0,0,2,0,9,0,0,0,0,0,0,0,1.0,96.3,3.34,1.51,0.59,4.0,2.0,0.0,1.0,0.0,1.0,0.0,0.4,1.0,1.0
68,C(=O)OC,7865,C2H4O2,60.05,"InChI=1S/C2H4O2/c1-4-2-3/h2H,1H3",TZIHFWKZFHZASV-UHFFFAOYSA-N,methyl formate,0,60.021129366,60.021129366,26.3,18,0,0,2,1,4,0,0,0,0,0,0,0,1.0,48.0,1.75,0.87,0.56,1.0,1.0,0.0,0.0,0.0,0.0,0.0,0.4,1.0,1.0
69,CCC,6334,C3H8,44.10,"InChI=1S/C3H8/c1-3-2/h3H2,1-2H3",ATUOYWHBWRKTHZ-UHFFFAOYSA-N,propane,1.8,44.062600255,44.062600255,0.0,0,0,0,0,0,3,0,0,0,0,0,0,0,1.0,46.4,1.67,0.78,0.62,1.0,0.0,0.0,0.0,0.0,0.0,1.0,0.4,0.0,1.0
70,CCCC(=O),261,C4H8O,72.11,"InChI=1S/C4H8O/c1-2-3-4-5/h4H,2-3H2,1H3",ZTQSAGDEMFDKMZ-UHFFFAOYSA-N,butanal,0.9,72.057514874,72.057514874,17.1,24,0,0,1,2,5,0,0,0,0,0,0,0,1.0,65.4,2.96,0.88,0.6,2.0,1.0,0.0,0.0,0.0,0.0,1.0,0.4,2.0,9.0
71,C(=O)C(#N),3843063,C2HNO,55.04,InChI=1S/C2HNO/c3-1-2-4/h2H,TUHMQDODLHWPCC-UHFFFAOYSA-N,formyl cyanide,-0.1,55.005813655,55.005813655,40.9,57,0,0,2,0,4,0,0,0,0,0,0,0,1.0,44.6,2.07,0.67,0.57,2.0,2.0,0.0,0.0,0.0,0.0,0.0,0.4,0.0,1.0
72,CC(=O)O,176,C2H4O2,60.05,"InChI=1S/C2H4O2/c1-2(3)4/h1H3,(H,3,4)",QTBSBXVTEAMEQO-UHFFFAOYSA-N,acetic acid,-0.2,60.021129366,60.021129366,37.3,31,0,1,2,0,4,0,0,0,0,0,0,0,1.0,47.7,1.33,1.11,0.56,3.0,2.0,0.0,1.0,0.0,0.0,0.0,0.4,0.0,1.0
73,CCCO,1031,C3H8O,60.10,"InChI=1S/C3H8O/c1-2-3-4/h4H,2-3H2,1H3",BDERNNFJNOPAEC-UHFFFAOYSA-N,propan-1-ol,0.3,60.057514874,60.057514874,20.2,7,0,1,1,1,4,0,0,0,0,0,0,0,1.0,54.4,2.36,0.75,0.59,3.0,1.0,1.0,0.0,0.0,0.0,1.0,0.4,1.0,3.0
74,CNOC,14232,C2H7NO,61.08,"InChI=1S/C2H7NO/c1-3-4-2/h3H,1-2H3",KRKPYFLIYNGWTE-UHFFFAOYSA-N,N-methoxymethanamine,-0.2,61.052763847,61.052763847,21.3,10,0,1,2,1,4,0,0,0,0,0,0,0,1.0,52.6,2.49,0.7,0.57,0.0,0.0,0.0,0.0,0.0,0.0,0.0,0.4,1.0,3.0
75,CCOCl,136439,C2H5ClO,80.51,"InChI=1S/C2H5ClO/c1-2-4-3/h2H2,1H3",NSHIYIMHYBAIEY-UHFFFAOYSA-N,ethyl hypochlorite,1.2,80.0028925,80.0028925,9.2,10,0,0,1,0,4,0,0,0,0,0,0,0,1.0,58.5,2.84,0.73,0.6,0.0,0.0,0.0,0.0,0.0,0.0,0.0,0.4,1.0,3.0
76,C1=CC=CC=C1Cl,7964,C6H5Cl,112.55,InChI=1S/C6H5Cl/c7-6-4-2-1-3-5-6/h1-5H,MVPPADPHJFYWMZ-UHFFFAOYSA-N,chlorobenzene,2.9,112.0079779,112.0079779,0.0,46,0,0,0,0,7,0,0,0,0,0,0,0,1.0,85.3,2.71,1.45,0.62,1.0,0.0,0.0,0.0,0.0,1.0,0.0,0.4,0.0,1.0
77,CCCOF,21532307,C3H7FO,78.09,"InChI=1S/C3H7FO/c1-2-3-5-4/h2-3H2,1H3",VBJVZMAIULYQQB-UHFFFAOYSA-N,propyl hypofluorite,1.5,78.048093005,78.048093005,9.2,16,0,0,2,1,5,0,0,0,0,0,0,0,1.0,62.9,3.29,0.74,0.57,1.0,0.0,0.0,0.0,0.0,0.0,1.0,0.4,2.0,9.0
78,OCl,24341,ClHO,52.46,InChI=1S/ClHO/c1-2/h2H,QWPPOHNGKGFGJK-UHFFFAOYSA-N,hypochlorous acid,0.3,51.9715923,51.9715923,20.2,2,0,1,1,0,2,0,0,0,0,0,0,0,1.0,32.1,1.26,0.59,0.59,0.0,0.0,0.0,0.0,0.0,0.0,0.0,0.4,0.0,1.0
79,IOCCC,54315381,C3H7IO,185.99,"InChI=1S/C3H7IO/c1-2-3-5-4/h2-3H2,1H3",SNUHMNITLLXYBP-UHFFFAOYSA-N,propyl hypoiodite,1.8,185.95416,185.95416,9.2,16,0,0,1,1,5,0,0,0,0,0,0,0,1.0,81.4,4.64,0.83,0.67,1.0,0.0,0.0,0.0,0.0,0.0,1.0,0.4,2.0,7.0
80,ClC(#N),10477,CClN,61.47,InChI=1S/CClN/c2-1-3,QPJDMGCKMHUXFD-UHFFFAOYSA-N,carbononitridic chloride,1,60.9719267,60.9719267,23.8,31,0,0,1,0,3,0,0,0,0,0,0,0,1.0,42.6,2.01,0.6,0.6,1.0,1.0,0.0,0.0,0.0,0.0,0.0,0.4,0.0,1.0
81,COOCC,14795133,C3H8O2,76.09,"InChI=1S/C3H8O2/c1-3-5-4-2/h3H2,1-2H3",DYGOPFFOGFHOIB-UHFFFAOYSA-N,methylperoxyethane,0.5,76.052429494,76.052429494,18.5,14,0,0,2,2,5,0,0,0,0,0,0,0,1.0,64.8,3.54,0.75,0.58,0.0,0.0,0.0,0.0,0.0,0.0,0.0,0.4,2.0,5.0
82,ClF,123266,ClF,54.45,InChI=1S/ClF/c1-2,OMRRUNXAWXNVFW-UHFFFAOYSA-N,1.4,53.9672559,53.9672559,0,2.0,0,0,1,0,2,0,0,0,0,0,0,0,1,0.0,,,,,,,,,,,,,,
83,CCOC(=O),8025,C3H6O2,74.08,"InChI=1S/C3H6O2/c1-2-5-3-4/h3H,2H2,1H3",WBJINCZRORDGAQ-UHFFFAOYSA-N,ethyl formate,0.5,74.036779430,74.036779430,26.3,26,0,0,2,2,5,0,0,0,0,0,0,0,1.0,60.8,2.89,0.81,0.58,1.0,1.0,0.0,0.0,0.0,0.0,0.0,0.4,2.0,3.0
84,CCI,6340,C2H5I,155.97,"InChI=1S/C2H5I/c1-2-3/h2H2,1H3",HVTICUPFWKNHNG-UHFFFAOYSA-N,iodoethane,2.1,155.94360,155.94360,0.0,2,0,0,0,0,3,0,0,0,0,0,0,0,1.0,60.5,2.4,0.9,0.71,2.0,0.0,0.0,0.0,0.0,0.0,2.0,0.4,0.0,1.0
85,N,222,H3N,17.031,InChI=1S/H3N/h1H3,QGZKDVFQNNGYKY-UHFFFAOYSA-N,azane,-0.7,17.026549100,17.026549100,1.0,0,0,1,1,0,1,0,0,0,0,0,0,0,1.0,15.6,0.51,0.51,0.51,1.0,0.0,0.0,0.0,1.0,0.0,0.0,0.4,0.0,1.0
86,IC(=O)O,11542850,CHIO2,171.922,"InChI=1S/CHIO2/c2-1(3)4/h(H,3,4)",QFWACQSXKWRSLR-UHFFFAOYSA-N,carboniodidic acid,0.7,171.90213,171.90213,37.3,33,0,1,2,0,4,0,0,0,0,0,0,0,1.0,61.6,2.12,1.12,0.66,4.0,2.0,0.0,1.0,0.0,0.0,1.0,0.4,0.0,1.0
87,OC(=O)S(=O)(=O)O,18466245,CH2O5S,126.09,"InChI=1S/CH2O5S/c2-1(3)7(4,5)6/h(H,2,3)(H,4,5,6)",DIORMHZUUKOISG-UHFFFAOYSA-N,sulfoformic acid,-1,125.96229433,125.96229433,100.0,157,0,2,5,1,7,0,0,0,0,0,0,0,1.0,76.1,1.95,1.27,0.95,7.0,5.0,0.0,2.0,0.0,0.0,0.0,0.4,1.0,1.0
88,CC(#N),6342,C2H3N,41.05,InChI=1S/C2H3N/c1-2-3/h1H3,WEVYAHXRMPXWCK-UHFFFAOYSA-N,acetonitrile,0,41.026549100,41.026549100,23.8,29,0,0,1,0,3,0,0,0,0,0,0,0,1.0,38.3,1.69,0.59,0.59,1.0,1.0,0.0,0.0,0.0,0.0,0.0,0.4,0.0,1.0
89,COC(=O),7865,C2H4O2,60.05,"InChI=1S/C2H4O2/c1-4-2-3/h2H,1H3",TZIHFWKZFHZASV-UHFFFAOYSA-N,methyl formate,0,60.021129366,60.021129366,26.3,18,0,0,2,1,4,0,0,0,0,0,0,0,1.0,48.0,1.75,0.87,0.56,1.0,1.0,0.0,0.0,0.0,0.0,0.0,0.4,1.0,1.0
90,COCCC,11182,C4H10O,74.12,"InChI=1S/C4H10O/c1-3-4-5-2/h3-4H2,1-2H3",VNKYTQGIUYNRMY-UHFFFAOYSA-N,1-methoxypropane,1.2,74.073164938,74.073164938,9.2,13,0,0,1,2,5,0,0,0,0,0,0,0,1.0,68.1,3.62,0.75,0.6,2.0,1.0,0.0,0.0,0.0,0.0,1.0,0.4,2.0,7.0
91,OC(=O),284,CH2O2,46.025,"InChI=1S/CH2O2/c2-1-3/h1H,(H,2,3)",BDAGIHXWWSANSR-UHFFFAOYSA-N,formic acid,-0.2,46.005479302,46.005479302,37.3,10,0,1,2,0,3,0,0,0,0,0,0,0,1.0,34.6,1.31,0.63,0.54,3.0,2.0,0.0,1.0,0.0,0.0,0.0,0.4,0.0,1.0
92,FC(=O),15153,CHFO,48.016,InChI=1S/CHFO/c2-1-3/h1H,NHGVZTMBVDFPHJ-UHFFFAOYSA-N,formyl fluoride,0.3,48.001142813,48.001142813,17.1,12,0,0,2,0,3,0,0,0,0,0,0,0,1.0,33.7,1.23,0.64,0.54,0.0,0.0,0.0,0.0,0.0,0.0,0.0,0.4,0.0,1.0
93,CNCCC,12315,C4H11N,73.14,"InChI=1S/C4H11N/c1-3-4-5-2/h5H,3-4H2,1-2H3",GVWISOJSERXQBM-UHFFFAOYSA-N,N-methylpropan-1-amine,0.8,73.089149355,73.089149355,12.0,13,0,1,1,2,5,0,0,0,0,0,0,0,1.0,69.1,3.69,0.76,0.6,3.0,0.0,1.0,0.0,1.0,0.0,1.0,0.4,2.0,7.0
94,CO,887,CH4O,32.042,"InChI=1S/CH4O/c1-2/h2H,1H3",OKKJLVBELUTLKV-UHFFFAOYSA-N,methanol,-0.5,32.026214747,32.026214747,20.2,2,0,1,1,0,2,0,0,0,0,0,0,0,1.0,28.6,1.05,0.56,0.56,2.0,1.0,1.0,0.0,0.0,0.0,0.0,0.4,0.0,1.0
95,C1=CC=CC=C1C(=O),240,C7H6O,106.12,InChI=1S/C7H6O/c8-6-7-4-2-1-3-5-7/h1-6H,HUMNYLRZRPPJDN-UHFFFAOYSA-N,benzaldehyde,1.5,106.041864811,106.041864811,17.1,72,0,0,1,1,8,0,0,0,0,0,0,0,1.0,90.5,3.12,1.41,0.6,2.0,1.0,0.0,0.0,0.0,1.0,0.0,0.4,1.0,1.0
96,C(=O)O,284,CH2O2,46.025,"InChI=1S/CH2O2/c2-1-3/h1H,(H,2,3)",BDAGIHXWWSANSR-UHFFFAOYSA-N,formic acid,-0.2,46.005479302,46.005479302,37.3,10,0,1,2,0,3,0,0,0,0,0,0,0,1.0,34.6,1.31,0.63,0.54,3.0,2.0,0.0,1.0,0.0,0.0,0.0,0.4,0.0,1.0
97,BrC(=O),165634,CHBrO,108.92,InChI=1S/CHBrO/c2-1-3/h1H,AIFARXRIYKCEEV-UHFFFAOYSA-N,formyl bromide,0.8,107.92108,107.92108,17.1,12,0,0,1,0,3,0,0,0,0,0,0,0,1.0,47.6,1.89,0.75,0.64,1.0,0.0,0.0,0.0,0.0,0.0,1.0,0.4,0.0,1.0
98,COCC,10903,C3H8O,60.10,"InChI=1S/C3H8O/c1-3-4-2/h3H2,1-2H3",XOBKSJJDNFUZPF-UHFFFAOYSA-N,methoxyethane,0.4,60.057514874,60.057514874,9.2,7,0,0,1,1,4,0,0,0,0,0,0,0,1.0,55.2,2.52,0.72,0.59,1.0,1.0,0.0,0.0,0.0,0.0,0.0,0.4,1.0,3.0
99,C(=O),712,CH2O,30.026,InChI=1S/CH2O/c1-2/h1H2,WSFSSNUMVMOOMR-UHFFFAOYSA-N,formaldehyde,1.2,30.010564683,30.010564683,17.1,2,0,0,1,0,2,0,0,0,0,0,0,0,1.0,26.8,0.93,0.56,0.56,1.0,1.0,0.0,0.0,0.0,0.0,0.0,0.4,0.0,1.0
100,ONC,11647,CH5NO,47.057,"InChI=1S/CH5NO/c1-2-3/h2-3H,1H3",CPQCSJYYDADLCZ-UHFFFAOYSA-N,N-methylhydroxylamine,-0.7,47.037113783,47.037113783,32.3,4,0,2,2,0,3,0,0,0,0,0,0,0,1.0,38.8,1.46,0.71,0.55,1.0,0.0,0.0,1.0,0.0,0.0,0.0,0.4,0.0,1.0
101,CNN,6061,CH6N2,46.072,"InChI=1S/CH6N2/c1-3-2/h3H,2H2,1H3",HDZGCSFEDULWCS-UHFFFAOYSA-N,methylhydrazine,-0.9,46.053098200,46.053098200,38.0,2,0,2,2,0,3,0,0,0,0,0,0,0,1.0,39.3,1.5,0.7,0.55,2.0,0.0,2.0,0.0,0.0,0.0,0.0,0.4,0.0,1.0
102,OS(=O)(=O)I,20836541,HIO3S,207.98,"InChI=1S/HIO3S/c1-5(2,3)4/h(H,2,3,4)",WMGWLIAIMDFMIQ-UHFFFAOYSA-N,sulfuroiodidic acid,0,207.86911,207.86911,62.8,92,0,1,3,0,5,0,0,0,0,0,0,0,1.0,76.0,2.15,1.12,1.1,4.0,3.0,0.0,1.0,0.0,0.0,0.0,0.4,0.0,1.0
103,FOCCC,21532307,C3H7FO,78.09,"InChI=1S/C3H7FO/c1-2-3-5-4/h2-3H2,1H3",VBJVZMAIULYQQB-UHFFFAOYSA-N,propyl hypofluorite,1.5,78.048093005,78.048093005,9.2,16,0,0,2,1,5,0,0,0,0,0,0,0,1.0,62.9,3.29,0.74,0.57,1.0,0.0,0.0,0.0,0.0,0.0,1.0,0.4,2.0,9.0
104,CCOF,18424681,C2H5FO,64.06,"InChI=1S/C2H5FO/c1-2-4-3/h2H2,1H3",SHTHWCQBJTUESB-UHFFFAOYSA-N,ethyl hypofluorite,1,64.032442941,64.032442941,9.2,10,0,0,2,0,4,0,0,0,0,0,0,0,1.0,50.0,2.27,0.7,0.56,0.0,0.0,0.0,0.0,0.0,0.0,0.0,0.4,1.0,3.0
105,CCCO[N+](=O)([O-]),12307,C3H7NO3,105.09,"InChI=1S/C3H7NO3/c1-2-3-7-4(5)6/h2-3H2,1H3",JNTOKFNBDFMTIV-UHFFFAOYSA-N,propyl nitrate,1.4,105.042593085,105.042593085,55.0,57,0,0,3,2,7,0,0,0,0,0,0,0,1.0,80.3,4.56,0.93,0.56,3.0,2.0,0.0,0.0,0.0,0.0,1.0,0.4,3.0,10.0
106,NOCCC,2768918,C3H9NO,75.11,"InChI=1S/C3H9NO/c1-2-3-5-4/h2-4H2,1H3",PRAARDGLAWZXML-UHFFFAOYSA-N,O-propylhydroxylamine,0.2,75.068413911,75.068413911,35.2,16,0,1,2,2,5,0,0,0,0,0,0,0,1.0,64.4,3.37,0.75,0.58,1.0,0.0,0.0,0.0,0.0,0.0,1.0,0.4,2.0,7.0
107,C[N+](=O)([O-]),6375,CH3NO2,61.040,InChI=1S/CH3NO2/c1-2(3)4/h1H3,LYGJENNIWJXYER-UHFFFAOYSA-N,nitromethane,0.1,61.016378338,61.016378338,45.8,27,0,0,2,0,4,0,0,0,0,0,0,0,1.0,45.6,1.32,1.08,0.54,3.0,2.0,0.0,1.0,0.0,0.0,0.0,0.4,0.0,1.0
108,CCl,6327,CH3Cl,50.49,InChI=1S/CH3Cl/c1-2/h1H3,NEHMKBQYUWJMIP-UHFFFAOYSA-N,chloromethane,0.8,49.9923278,49.9923278,0.0,2,0,0,0,0,2,0,0,0,0,0,0,0,1.0,36.9,1.41,0.64,0.64,0.0,0.0,0.0,0.0,0.0,0.0,0.0,0.4,0.0,1.0
109,NF,139987,FH2N,35.021,InChI=1S/FH2N/c1-2/h2H2,MDQRDWAGHRLBPA-UHFFFAOYSA-N,-0.2,35.017127230,35.017127230,26,2.0,0,1,2,0,2,0,0,0,0,0,0,0,1,23.7,0.96,0.49,0.49,0.0,0.0,0.0,0.0,0.0,0.0,0.0,0.4,0.0,1.0,
110,C1=CC=CC=C1OCC,7674,C8H10O,122.16,"InChI=1S/C8H10O/c1-2-9-8-6-4-3-5-7-8/h3-7H,2H2,1H3",DLRJIFUOBPOJNS-UHFFFAOYSA-N,ethoxybenzene,2.5,122.073164938,122.073164938,9.2,65,0,0,1,2,9,0,0,0,0,0,0,0,1.0,106.0,4.67,1.33,0.66,2.0,1.0,0.0,0.0,0.0,1.0,0.0,0.4,2.0,6.0
111,CCC,6334,C3H8,44.10,"InChI=1S/C3H8/c1-3-2/h3H2,1-2H3",ATUOYWHBWRKTHZ-UHFFFAOYSA-N,propane,1.8,44.062600255,44.062600255,0.0,0,0,0,0,0,3,0,0,0,0,0,0,0,1.0,46.4,1.67,0.78,0.62,1.0,0.0,0.0,0.0,0.0,0.0,1.0,0.4,0.0,1.0
112,OS(=O)(=O)OC,6412,CH4O4S,112.11,"InChI=1S/CH4O4S/c1-5-6(2,3)4/h1H3,(H,2,3,4)",JZMJDSHXVKJFKW-UHFFFAOYSA-N,methyl hydrogen sulfate,-0.8,111.98302978,111.98302978,72.0,104,0,1,4,1,6,0,0,0,0,0,0,0,1.0,71.1,2.13,1.01,0.99,4.0,3.0,0.0,1.0,0.0,0.0,0.0,0.4,1.0,1.0
113,CNBr,139111,CH4BrN,109.95,"InChI=1S/CH4BrN/c1-3-2/h3H,1H3",GCZPGFDPWJHDIY-UHFFFAOYSA-N,N-bromomethanamine,0.3,108.95271,108.95271,12.0,4,0,1,1,0,3,0,0,0,0,0,0,0,1.0,50.9,2.09,0.79,0.64,0.0,0.0,0.0,0.0,0.0,0.0,0.0,0.4,0.0,1.0
114,C1=CC=CC=C1C(=O)O,243,C7H6O2,122.12,"InChI=1S/C7H6O2/c8-7(9)6-4-2-1-3-5-6/h1-5H,(H,8,9)",WPYMKLBDIGXBTP-UHFFFAOYSA-N,benzoic acid,1.9,122.036779430,122.036779430,37.3,104,0,1,2,1,9,0,0,0,0,0,0,0,1.0,98.2,3.43,1.51,0.6,4.0,2.0,0.0,1.0,0.0,1.0,0.0,0.4,1.0,2.0
115,OC,887,CH4O,32.042,"InChI=1S/CH4O/c1-2/h2H,1H3",OKKJLVBELUTLKV-UHFFFAOYSA-N,methanol,-0.5,32.026214747,32.026214747,20.2,2,0,1,1,0,2,0,0,0,0,0,0,0,1.0,28.6,1.05,0.56,0.56,2.0,1.0,1.0,0.0,0.0,0.0,0.0,0.4,0.0,1.0
116,[N+](=O)([O-])F,66203,FNO2,65.004,InChI=1S/FNO2/c1-2(3)4,JVJQPDTXIALXOG-UHFFFAOYSA-N,0.6,64.99130640,64.99130640,45.8,27.0,0,0,3,0,4,0,0,0,0,0,0,0,1,36.4,1.11,1.07,0.49,2.0,2.0,0.0,0.0,0.0,0.0,0.0,0.4,0.0,1.0,
117,CCCON,2768918,C3H9NO,75.11,"InChI=1S/C3H9NO/c1-2-3-5-4/h2-4H2,1H3",PRAARDGLAWZXML-UHFFFAOYSA-N,O-propylhydroxylamine,0.2,75.068413911,75.068413911,35.2,16,0,1,2,2,5,0,0,0,0,0,0,0,1.0,64.4,3.37,0.75,0.58,1.0,0.0,0.0,0.0,0.0,0.0,1.0,0.4,2.0,7.0
118,OS(=O)(=O)Cl,24638,ClHO3S,116.53,"InChI=1S/ClHO3S/c1-5(2,3)4/h(H,2,3,4)",XTHPWXDJESJLNJ-UHFFFAOYSA-N,sulfurochloridic acid,-0.1,115.9334928,115.9334928,62.8,92,0,1,3,0,5,0,0,0,0,0,0,0,1.0,65.9,1.6,1.1,1.09,4.0,3.0,0.0,1.0,0.0,0.0,0.0,0.4,0.0,1.0
119,CCONC,14895678,C3H9NO,75.11,"InChI=1S/C3H9NO/c1-3-5-4-2/h4H,3H2,1-2H3",LUKNLVTZDZMBOU-UHFFFAOYSA-N,N-ethoxymethanamine,0.2,75.068413911,75.068413911,21.3,16,0,1,2,2,5,0,0,0,0,0,0,0,1.0,65.5,3.56,0.76,0.58,0.0,0.0,0.0,0.0,0.0,0.0,0.0,0.4,2.0,5.0
120,IC(#N),10478,CIN,152.922,InChI=1S/CIN/c2-1-3,WPBXOELOQKLBDF-UHFFFAOYSA-N,carbononitridic iodide,0.9,152.90755,152.90755,23.8,31,0,0,1,0,3,0,0,0,0,0,0,0,1.0,54.0,2.53,0.7,0.7,2.0,1.0,0.0,0.0,0.0,0.0,1.0,0.4,0.0,1.0
121,OCC,702,C2H6O,46.07,"InChI=1S/C2H6O/c1-2-3/h3H,2H2,1H3",LFQSCWFLJHTTHZ-UHFFFAOYSA-N,ethanol,-0.1,46.041864811,46.041864811,20.2,2,0,1,1,0,3,0,0,0,0,0,0,0,1.0,41.5,1.48,0.75,0.58,2.0,1.0,1.0,0.0,0.0,0.0,0.0,0.4,0.0,1.0
122,C(#N)CC,7854,C3H5N,55.08,"InChI=1S/C3H5N/c1-2-3-4/h2H2,1H3",FVSKHRXBFJPNKK-UHFFFAOYSA-N,propanenitrile,0.2,55.042199164,55.042199164,23.8,38,0,0,1,0,4,0,0,0,0,0,0,0,1.0,51.2,2.24,0.79,0.6,2.0,1.0,0.0,0.0,0.0,0.0,1.0,0.4,0.0,1.0
123,BrC,6323,CH3Br,94.94,InChI=1S/CH3Br/c1-2/h1H3,GZUXJHMPEANEGY-UHFFFAOYSA-N,bromomethane,1,93.94181,93.94181,0.0,2,0,0,0,0,2,0,0,0,0,0,0,0,1.0,41.5,1.6,0.68,0.68,1.0,0.0,0.0,0.0,0.0,0.0,1.0,0.4,0.0,1.0
124,COO,18199,CH4O2,48.041,"InChI=1S/CH4O2/c1-3-2/h2H,1H3",MEUKEBNAABNAEX-UHFFFAOYSA-N,hydroperoxymethane,-0.4,48.021129366,48.021129366,29.5,2,0,1,2,0,3,0,0,0,0,0,0,0,1.0,38.2,1.44,0.7,0.54,0.0,0.0,0.0,0.0,0.0,0.0,0.0,0.4,0.0,1.0
125,C1=CC=CC=C1OC,7519,C7H8O,108.14,"InChI=1S/C7H8O/c1-8-7-5-3-2-4-6-7/h2-6H,1H3",RDOXTESZEPMUJZ-UHFFFAOYSA-N,anisole,2.1,108.057514874,108.057514874,9.2,55,0,0,1,1,8,0,0,0,0,0,0,0,1.0,92.6,3.2,1.42,0.6,2.0,1.0,0.0,0.0,0.0,1.0,0.0,0.4,1.0,1.0
126,CCOI,12756358,C2H5IO,171.96,"InChI=1S/C2H5IO/c1-2-4-3/h2H2,1H3",XGZVPYGIUMLWIE-UHFFFAOYSA-N,ethyl hypoiodite,1.3,171.93851,171.93851,9.2,10,0,0,1,0,4,0,0,0,0,0,0,0,1.0,68.5,3.4,0.79,0.68,0.0,0.0,0.0,0.0,0.0,0.0,0.0,0.4,1.0,3.0
127,N,222,H3N,17.031,InChI=1S/H3N/h1H3,QGZKDVFQNNGYKY-UHFFFAOYSA-N,azane,-0.7,17.026549100,17.026549100,1.0,0,0,1,1,0,1,0,0,0,0,0,0,0,1.0,15.6,0.51,0.51,0.51,1.0,0.0,0.0,0.0,1.0,0.0,0.0,0.4,0.0,1.0
128,CNC,674,C2H7N,45.08,"InChI=1S/C2H7N/c1-3-2/h3H,1-2H3",ROSDSFDQCJNGOL-UHFFFAOYSA-N,N-methylmethanamine,-0.2,45.057849228,45.057849228,12.0,2,0,1,1,0,3,0,0,0,0,0,0,0,1.0,43.2,1.63,0.72,0.59,2.0,0.0,1.0,0.0,1.0,0.0,0.0,0.4,0.0,1.0
129,OS(=O)(=O)F,24603,FHO3S,100.07,"InChI=1S/FHO3S/c1-5(2,3)4/h(H,2,3,4)",UQSQSQZYBQSBJZ-UHFFFAOYSA-N,sulfurofluoridic acid,-0.3,99.96304323,99.96304323,62.8,92,0,1,4,0,5,0,0,0,0,0,0,0,1.0,56.2,1.13,1.12,1.02,4.0,3.0,0.0,1.0,0.0,0.0,0.0,0.4,0.0,1.0
130,OC,887,CH4O,32.042,"InChI=1S/CH4O/c1-2/h2H,1H3",OKKJLVBELUTLKV-UHFFFAOYSA-N,methanol,-0.5,32.026214747,32.026214747,20.2,2,0,1,1,0,2,0,0,0,0,0,0,0,1.0,28.6,1.05,0.56,0.56,2.0,1.0,1.0,0.0,0.0,0.0,0.0,0.4,0.0,1.0
131,BrS(=O)(=O)O,15982924,BrHO3S,160.98,"InChI=1S/BrHO3S/c1-5(2,3)4/h(H,2,3,4)",FVIRGMIYFJWRGC-UHFFFAOYSA-N,sulfurobromidic acid,0.1,159.88298,159.88298,62.8,92,0,1,3,0,5,0,0,0,0,0,0,0,1.0,69.9,1.81,1.11,1.09,4.0,3.0,0.0,1.0,0.0,0.0,0.0,0.4,0.0,1.0
132,CNCC,12219,C3H9N,59.11,"InChI=1S/C3H9N/c1-3-4-2/h4H,3H2,1-2H3",LIWAQLJGPBVORC-UHFFFAOYSA-N,N-methylethanamine,0.1,59.073499291,59.073499291,12.0,7,0,1,1,1,4,0,0,0,0,0,0,0,1.0,56.2,2.59,0.72,0.6,2.0,0.0,1.0,0.0,1.0,0.0,0.0,0.4,1.0,3.0
133,FCl,123266,ClF,54.45,InChI=1S/ClF/c1-2,OMRRUNXAWXNVFW-UHFFFAOYSA-N,1.4,53.9672559,53.9672559,0,2.0,0,0,1,0,2,0,0,0,0,0,0,0,1,0.0,,,,,,,,,,,,,,
134,OC(=O)OCCC,37714,C4H8O3,104.10,"InChI=1S/C4H8O3/c1-2-3-7-4(5)6/h2-3H2,1H3,(H,5,6)",FOWDZVNRQHPXDO-UHFFFAOYSA-N,propyl hydrogen carbonate,1.3,104.047344113,104.047344113,46.5,60,0,1,3,3,7,0,0,0,0,0,0,0,1.0,81.7,4.62,0.96,0.57,4.0,2.0,0.0,1.0,0.0,0.0,1.0,0.4,3.0,10.0
135,COCC,10903,C3H8O,60.10,"InChI=1S/C3H8O/c1-3-4-2/h3H2,1-2H3",XOBKSJJDNFUZPF-UHFFFAOYSA-N,methoxyethane,0.4,60.057514874,60.057514874,9.2,7,0,0,1,1,4,0,0,0,0,0,0,0,1.0,55.2,2.52,0.72,0.59,1.0,1.0,0.0,0.0,0.0,0.0,0.0,0.4,1.0,3.0
136,CCOC,10903,C3H8O,60.10,"InChI=1S/C3H8O/c1-3-4-2/h3H2,1-2H3",XOBKSJJDNFUZPF-UHFFFAOYSA-N,methoxyethane,0.4,60.057514874,60.057514874,9.2,7,0,0,1,1,4,0,0,0,0,0,0,0,1.0,55.2,2.52,0.72,0.59,1.0,1.0,0.0,0.0,0.0,0.0,0.0,0.4,1.0,3.0
137,Cl[N+](=O)([O-]),11984615,ClHNO2-,82.47,InChI=1S/ClH.HNO2/c;2-1-3/h1H;1H/p-1,HSSFHZJIMRUXDM-UHFFFAOYSA-M,oxido(oxo)azanium;chloride,81.9695810,81.9695810,48.1,10.0,-1,1,3,0,4,0,0,0,0,0,0,0,2,0.0,,,,,,,,,,,,,,
138,BrI,82238,BrI,206.81,InChI=1S/BrI/c1-2,CBEQRNSPHCCXSH-UHFFFAOYSA-N,1.8,205.82281,205.82281,0,2.0,0,0,0,0,2,0,0,0,0,0,0,0,1,0.0,,,,,,,,,,,,,,
139,OS(=O)(=O)Br,15982924,BrHO3S,160.98,"InChI=1S/BrHO3S/c1-5(2,3)4/h(H,2,3,4)",FVIRGMIYFJWRGC-UHFFFAOYSA-N,sulfurobromidic acid,0.1,159.88298,159.88298,62.8,92,0,1,3,0,5,0,0,0,0,0,0,0,1.0,69.9,1.81,1.11,1.09,4.0,3.0,0.0,1.0,0.0,0.0,0.0,0.4,0.0,1.0
140,CCCC,7843,C4H10,58.12,"InChI=1S/C4H10/c1-3-4-2/h3-4H2,1-2H3",IJDNQMDRQITEOD-UHFFFAOYSA-N,butane,2.9,58.078250319,58.078250319,0.0,2,0,0,0,1,4,0,0,0,0,0,0,0,1.0,59.3,2.64,0.76,0.62,2.0,0.0,0.0,0.0,0.0,0.0,2.0,0.4,1.0,3.0
141,CCOOCCC,23289207,C5H12O2,104.15,"InChI=1S/C5H12O2/c1-3-5-7-6-4-2/h3-5H2,1-2H3",GMQOFXUAEGKBFW-UHFFFAOYSA-N,1-ethylperoxypropane,1.4,104.083729621,104.083729621,18.5,29,0,0,2,4,7,0,0,0,0,0,0,0,1.0,90.6,6.6,0.77,0.61,1.0,0.0,0.0,0.0,0.0,0.0,1.0,0.6,4.0,10.0
142,C(=O)N,713,CH3NO,45.041,"InChI=1S/CH3NO/c2-1-3/h1H,(H2,2,3)",ZHNUHDYFZUAESO-UHFFFAOYSA-N,formamide,-0.8,45.021463719,45.021463719,43.1,12,0,1,1,0,3,0,0,0,0,0,0,0,1.0,35.3,1.35,0.63,0.55,2.0,1.0,1.0,0.0,0.0,0.0,0.0,0.4,0.0,1.0
143,CCCOOC,22959854,C4H10O2,90.12,"InChI=1S/C4H10O2/c1-3-4-6-5-2/h3-4H2,1-2H3",LVBWBYMPXWEQFL-UHFFFAOYSA-N,1-methylperoxypropane,1,90.068079557,90.068079557,18.5,21,0,0,2,3,6,0,0,0,0,0,0,0,1.0,77.7,4.88,0.74,0.6,1.0,0.0,0.0,0.0,0.0,0.0,1.0,0.4,3.0,10.0
144,OC(=O)NC,30536,C2H5NO2,75.07,"InChI=1S/C2H5NO2/c1-3-2(4)5/h3H,1H3,(H,4,5)",UFEJKYYYVXYMMS-UHFFFAOYSA-N,methylcarbamic acid,-0.4,75.032028402,75.032028402,49.3,42,0,2,2,0,5,0,0,0,0,0,0,0,1.0,56.9,2.11,1.02,0.56,3.0,1.0,1.0,1.0,0.0,0.0,0.0,0.4,1.0,1.0
145,BrC(=O)O,20435474,CHBrO2,124.92,"InChI=1S/CHBrO2/c2-1(3)4/h(H,3,4)",GUPWNYUKYICHQX-UHFFFAOYSA-N,carbonobromidic acid,0.9,123.91599,123.91599,37.3,33,0,1,2,0,4,0,0,0,0,0,0,0,1.0,55.5,1.81,1.11,0.61,4.0,2.0,0.0,1.0,0.0,0.0,1.0,0.4,0.0,1.0
146,OC(=O),284,CH2O2,46.025,"InChI=1S/CH2O2/c2-1-3/h1H,(H,2,3)",BDAGIHXWWSANSR-UHFFFAOYSA-N,formic acid,-0.2,46.005479302,46.005479302,37.3,10,0,1,2,0,3,0,0,0,0,0,0,0,1.0,34.6,1.31,0.63,0.54,3.0,2.0,0.0,1.0,0.0,0.0,0.0,0.4,0.0,1.0
147,NNC,6061,CH6N2,46.072,"InChI=1S/CH6N2/c1-3-2/h3H,2H2,1H3",HDZGCSFEDULWCS-UHFFFAOYSA-N,methylhydrazine,-0.9,46.053098200,46.053098200,38.0,2,0,2,2,0,3,0,0,0,0,0,0,0,1.0,39.3,1.5,0.7,0.55,2.0,0.0,2.0,0.0,0.0,0.0,0.0,0.4,0.0,1.0
148,C(=O)Br,165634,CHBrO,108.92,InChI=1S/CHBrO/c2-1-3/h1H,AIFARXRIYKCEEV-UHFFFAOYSA-N,formyl bromide,0.8,107.92108,107.92108,17.1,12,0,0,1,0,3,0,0,0,0,0,0,0,1.0,47.6,1.89,0.75,0.64,1.0,0.0,0.0,0.0,0.0,0.0,1.0,0.4,0.0,1.0
149,OS(=O)(=O)OCCC,70469,C3H8O4S,140.16,"InChI=1S/C3H8O4S/c1-2-3-7-8(4,5)6/h2-3H2,1H3,(H,4,5,6)",TYRGSDXYMNTMML-UHFFFAOYSA-N,propyl hydrogen sulfate,0.1,140.01432991,140.01432991,72.0,130,0,1,4,3,8,0,0,0,0,0,0,0,1.0,96.7,5.03,0.96,0.9,5.0,3.0,0.0,1.0,0.0,0.0,1.0,0.6,3.0,6.0
150,[N+](=O)([O-])S(=O)(=O)O,17964515,HNO5S,127.08,"InChI=1S/HNO5S/c2-1(3)7(4,5)6/h(H,4,5,6)",IQZPDFORWZTSKT-UHFFFAOYSA-N,-0.7,126.95754331,126.95754331,109,152.0,0,1,5,0,7,0,0,0,0,0,0,0,1,74.4,1.91,1.27,0.94,6.0,5.0,0.0,1.0,0.0,0.0,0.0,0.4,1.0,1.0,
151,N[N+](=O)([O-]),24534,H2N2O2,62.028,InChI=1S/H2N2O2/c1-2(3)4/h1H2,SFDJOSRHYKHMOK-UHFFFAOYSA-N,nitramide,-0.2,62.011627311,62.011627311,71.8,25,0,1,3,0,4,0,0,0,0,0,0,0,1.0,40.0,1.11,1.1,0.5,2.0,2.0,0.0,0.0,0.0,0.0,0.0,0.4,0.0,1.0
152,C(#N)C(=O),3843063,C2HNO,55.04,InChI=1S/C2HNO/c3-1-2-4/h2H,TUHMQDODLHWPCC-UHFFFAOYSA-N,formyl cyanide,-0.1,55.005813655,55.005813655,40.9,57,0,0,2,0,4,0,0,0,0,0,0,0,1.0,44.6,2.07,0.67,0.57,2.0,2.0,0.0,0.0,0.0,0.0,0.0,0.4,0.0,1.0
153,C(#N)C,6342,C2H3N,41.05,InChI=1S/C2H3N/c1-2-3/h1H3,WEVYAHXRMPXWCK-UHFFFAOYSA-N,acetonitrile,0,41.026549100,41.026549100,23.8,29,0,0,1,0,3,0,0,0,0,0,0,0,1.0,38.3,1.69,0.59,0.59,1.0,1.0,0.0,0.0,0.0,0.0,0.0,0.4,0.0,1.0
154,C(#N)OCCC,544573,C4H7NO,85.10,"InChI=1S/C4H7NO/c1-2-3-6-4-5/h2-3H2,1H3",NFQPKQCSKRLPHP-UHFFFAOYSA-N,propyl cyanate,1.3,85.052763847,85.052763847,33.0,61,0,0,2,2,6,0,0,0,0,0,0,0,1.0,72.7,4.51,0.77,0.59,3.0,2.0,0.0,0.0,0.0,0.0,1.0,0.4,2.0,7.0
155,CCCNC,12315,C4H11N,73.14,"InChI=1S/C4H11N/c1-3-4-5-2/h5H,3-4H2,1-2H3",GVWISOJSERXQBM-UHFFFAOYSA-N,N-methylpropan-1-amine,0.8,73.089149355,73.089149355,12.0,13,0,1,1,2,5,0,0,0,0,0,0,0,1.0,69.1,3.69,0.76,0.6,3.0,0.0,1.0,0.0,1.0,0.0,1.0,0.4,2.0,7.0
156,FBr,139632,BrF,98.90,InChI=1S/BrF/c1-2,MZJUGRUTVANEDW-UHFFFAOYSA-N,1.5,97.91674,97.91674,0,2.0,0,0,1,0,2,0,0,0,0,0,0,0,1,0.0,,,,,,,,,,,,,,
157,CCOO,62472,C2H6O2,62.07,"InChI=1S/C2H6O2/c1-2-4-3/h3H,2H2,1H3",ILHIHKRJJMKBEE-UHFFFAOYSA-N,hydroperoxyethane,0,62.036779430,62.036779430,29.5,8,0,1,2,1,4,0,0,0,0,0,0,0,1.0,51.1,2.31,0.71,0.56,0.0,0.0,0.0,0.0,0.0,0.0,0.0,0.4,1.0,3.0
158,IBr,82238,BrI,206.81,InChI=1S/BrI/c1-2,CBEQRNSPHCCXSH-UHFFFAOYSA-N,1.8,205.82281,205.82281,0,2.0,0,0,0,0,2,0,0,0,0,0,0,0,1,0.0,,,,,,,,,,,,,,
159,[N+](=O)([O-])OC,11724,CH3NO3,77.040,InChI=1S/CH3NO3/c1-5-2(3)4/h1H3,LRMHVVPPGGOAJQ-UHFFFAOYSA-N,methyl nitrate,0.5,77.011292958,77.011292958,55.0,36,0,0,3,0,5,0,0,0,0,0,0,0,1.0,54.2,1.98,0.97,0.55,2.0,2.0,0.0,0.0,0.0,0.0,0.0,0.4,1.0,2.0
160,OC(=O)N,277,CH3NO2,61.040,"InChI=1S/CH3NO2/c2-1(3)4/h2H2,(H,3,4)",KXDHJXZQYSOELW-UHFFFAOYSA-N,carbamic acid,-0.8,61.016378338,61.016378338,63.3,33,0,2,2,0,4,0,0,0,0,0,0,0,1.0,43.3,1.15,1.11,0.54,3.0,1.0,1.0,1.0,0.0,0.0,0.0,0.4,0.0,1.0
161,F[N+](=O)([O-]),66203,FNO2,65.004,InChI=1S/FNO2/c1-2(3)4,JVJQPDTXIALXOG-UHFFFAOYSA-N,0.6,64.99130640,64.99130640,45.8,27.0,0,0,3,0,4,0,0,0,0,0,0,0,1,36.4,1.11,1.07,0.49,2.0,2.0,0.0,0.0,0.0,0.0,0.0,0.4,0.0,1.0,
162,CCF,9620,C2H5F,48.06,"InChI=1S/C2H5F/c1-2-3/h2H2,1H3",UHCBBWUQDAVSMS-UHFFFAOYSA-N,fluoroethane,0.9,48.037528322,48.037528322,0.0,2,0,0,1,0,3,0,0,0,0,0,0,0,1.0,40.2,1.42,0.73,0.58,0.0,0.0,0.0,0.0,0.0,0.0,0.0,0.4,0.0,1.0
163,OC(=O)C(=O),760,C2H2O3,74.04,"InChI=1S/C2H2O3/c3-1-2(4)5/h1H,(H,4,5)",HHLFWLYXYJOTON-UHFFFAOYSA-N,oxaldehydic acid,-0.3,74.000393922,74.000393922,54.4,55,0,1,3,1,5,0,0,0,0,0,0,0,1.0,53.2,1.79,1.03,0.55,4.0,3.0,0.0,1.0,0.0,0.0,0.0,0.4,1.0,1.0
164,CO,887,CH4O,32.042,"InChI=1S/CH4O/c1-2/h2H,1H3",OKKJLVBELUTLKV-UHFFFAOYSA-N,methanol,-0.5,32.026214747,32.026214747,20.2,2,0,1,1,0,2,0,0,0,0,0,0,0,1.0,28.6,1.05,0.56,0.56,2.0,1.0,1.0,0.0,0.0,0.0,0.0,0.4,0.0,1.0
165,[N+](=O)([O-])C,6375,CH3NO2,61.040,InChI=1S/CH3NO2/c1-2(3)4/h1H3,LYGJENNIWJXYER-UHFFFAOYSA-N,nitromethane,0.1,61.016378338,61.016378338,45.8,27,0,0,2,0,4,0,0,0,0,0,0,0,1.0,45.6,1.32,1.08,0.54,3.0,2.0,0.0,1.0,0.0,0.0,0.0,0.4,0.0,1.0
166,OS(=O)(=O)NC,244258,CH5NO3S,111.12,"InChI=1S/CH5NO3S/c1-2-6(3,4)5/h2H,1H3,(H,3,4,5)",MYMDOKBFMTVEGE-UHFFFAOYSA-N,methylsulfamic acid,-1.2,110.99901420,110.99901420,74.8,107,0,2,4,1,6,0,0,0,0,0,0,0,1.0,72.3,2.17,1.03,1.0,5.0,3.0,1.0,1.0,0.0,0.0,0.0,0.4,1.0,1.0
167,BrO,83547,BrHO,96.91,InChI=1S/BrHO/c1-2/h2H,CUILPNURFADTPE-UHFFFAOYSA-N,hypobromous acid,0.5,95.92108,95.92108,20.2,2,0,1,1,0,2,0,0,0,0,0,0,0,1.0,36.4,1.39,0.65,0.65,0.0,0.0,0.0,0.0,0.0,0.0,0.0,0.4,0.0,1.0
168,C(#N)OCC,533706,C3H5NO,71.08,"InChI=1S/C3H5NO/c1-2-5-3-4/h2H2,1H3",JXBPSENIJJPTCI-UHFFFAOYSA-N,ethyl cyanate,0.8,71.037113783,71.037113783,33.0,51,0,0,2,1,5,0,0,0,0,0,0,0,1.0,59.7,3.26,0.7,0.58,2.0,2.0,0.0,0.0,0.0,0.0,0.0,0.4,1.0,3.0
169,CCC,6334,C3H8,44.10,"InChI=1S/C3H8/c1-3-2/h3H2,1-2H3",ATUOYWHBWRKTHZ-UHFFFAOYSA-N,propane,1.8,44.062600255,44.062600255,0.0,0,0,0,0,0,3,0,0,0,0,0,0,0,1.0,46.4,1.67,0.78,0.62,1.0,0.0,0.0,0.0,0.0,0.0,1.0,0.4,0.0,1.0
170,C(#N)[N+](=O)([O-]),15798559,CN2O2,72.023,InChI=1S/CN2O2/c2-1-3(4)5,PLXPTFQGYWXIEA-UHFFFAOYSA-N,nitroformonitrile,0.2,71.995977247,71.995977247,69.6,81,0,0,3,0,5,0,0,0,0,0,0,0,1.0,50.9,2.04,0.98,0.53,5.0,3.0,0.0,1.0,1.0,0.0,0.0,0.4,0.0,1.0
171,C(=O)I,12550987,CHIO,155.922,InChI=1S/CHIO/c2-1-3/h1H,KWOITLGQRDFDFP-UHFFFAOYSA-N,formyl iodide,0.6,155.90721,155.90721,17.1,12,0,0,1,0,3,0,0,0,0,0,0,0,1.0,53.8,2.16,0.8,0.69,1.0,0.0,0.0,0.0,0.0,0.0,1.0,0.4,0.0,1.0
172,COCl,79056,CH3ClO,66.49,InChI=1S/CH3ClO/c1-3-2/h1H3,UCFFGYASXIPWPD-UHFFFAOYSA-N,methyl hypochlorite,0.9,65.9872424,65.9872424,9.2,4,0,0,1,0,3,0,0,0,0,0,0,0,1.0,45.7,1.86,0.73,0.6,0.0,0.0,0.0,0.0,0.0,0.0,0.0,0.4,0.0,1.0
173,I,24841,HI,127.9124,InChI=1S/HI/h1H,XMBWDFGMSWQBCA-UHFFFAOYSA-N,iodane,0.9,127.91230,127.91230,0.0,0,0,1,0,0,1,0,0,0,0,0,0,0,1.0,32.5,0.84,0.84,0.84,1.0,0.0,0.0,1.0,0.0,0.0,0.0,0.4,0.0,1.0
174,CCCOC,11182,C4H10O,74.12,"InChI=1S/C4H10O/c1-3-4-5-2/h3-4H2,1-2H3",VNKYTQGIUYNRMY-UHFFFAOYSA-N,1-methoxypropane,1.2,74.073164938,74.073164938,9.2,13,0,0,1,2,5,0,0,0,0,0,0,0,1.0,68.1,3.62,0.75,0.6,2.0,1.0,0.0,0.0,0.0,0.0,1.0,0.4,2.0,7.0
175,BrNC,139111,CH4BrN,109.95,"InChI=1S/CH4BrN/c1-3-2/h3H,1H3",GCZPGFDPWJHDIY-UHFFFAOYSA-N,N-bromomethanamine,0.3,108.95271,108.95271,12.0,4,0,1,1,0,3,0,0,0,0,0,0,0,1.0,50.9,2.09,0.79,0.64,0.0,0.0,0.0,0.0,0.0,0.0,0.0,0.4,0.0,1.0
176,NO,787,H3NO,33.030,"InChI=1S/H3NO/c1-2/h2H,1H2",AVXURJPOCDRRFD-UHFFFAOYSA-N,hydroxylamine,-1.2,33.021463719,33.021463719,46.2,2,0,2,2,0,2,0,0,0,0,0,0,0,1.0,25.2,1.03,0.5,0.5,0.0,0.0,0.0,0.0,0.0,0.0,0.0,0.4,0.0,1.0
177,C(#N)CCC,8008,C4H7N,69.11,"InChI=1S/C4H7N/c1-2-3-4-5/h2-3H2,1H3",KVNRLNFWIYMESJ-UHFFFAOYSA-N,butanenitrile,0.5,69.057849228,69.057849228,23.8,47,0,0,1,1,5,0,0,0,0,0,0,0,1.0,64.2,3.43,0.75,0.6,2.0,1.0,0.0,0.0,0.0,0.0,1.0,0.4,1.0,3.0
178,CCCF,9998,C3H7F,62.09,"InChI=1S/C3H7F/c1-2-3-4/h2-3H2,1H3",JRHNUZCXXOTJCA-UHFFFAOYSA-N,1-fluoropropane,1.5,62.053178385,62.053178385,0.0,7,0,0,1,1,4,0,0,0,0,0,0,0,1.0,52.9,1.79,0.91,0.64,1.0,0.0,0.0,0.0,0.0,0.0,1.0,0.4,1.0,3.0
179,Br[N+](=O)([O-]),11984817,BrHNO2-,126.92,InChI=1S/BrH.HNO2/c;2-1-3/h1H;1H/p-1,SEYAFCXQVVHRPY-UHFFFAOYSA-M,oxido(oxo)azanium;bromide,125.91907,125.91907,48.1,10.0,-1,1,3,0,4,0,0,0,0,0,0,0,2,0.0,,,,,,,,,,,,,,
180,CCC(=O)O,1032,C3H6O2,74.08,"InChI=1S/C3H6O2/c1-2-3(4)5/h2H2,1H3,(H,4,5)",XBDQKXXYIPTUBI-UHFFFAOYSA-N,propanoic acid,0.3,74.036779430,74.036779430,37.3,40,0,1,2,1,5,0,0,0,0,0,0,0,1.0,60.3,2.11,1.07,0.58,4.0,2.0,0.0,1.0,0.0,0.0,1.0,0.4,1.0,2.0
181,Br,260,BrH,80.91,InChI=1S/BrH/h1H,CPELXLSAUQHCOX-UHFFFAOYSA-N,bromane,1,79.92616,79.92616,0.0,0,0,1,0,0,1,0,0,0,0,0,0,0,1.0,26.5,0.73,0.73,0.73,1.0,0.0,0.0,1.0,0.0,0.0,0.0,0.4,0.0,1.0
182,ClS(=O)(=O)O,24638,ClHO3S,116.53,"InChI=1S/ClHO3S/c1-5(2,3)4/h(H,2,3,4)",XTHPWXDJESJLNJ-UHFFFAOYSA-N,sulfurochloridic acid,-0.1,115.9334928,115.9334928,62.8,92,0,1,3,0,5,0,0,0,0,0,0,0,1.0,65.9,1.6,1.1,1.09,4.0,3.0,0.0,1.0,0.0,0.0,0.0,0.4,0.0,1.0
183,CI,6328,CH3I,141.939,InChI=1S/CH3I/c1-2/h1H3,INQOMBQAUSQDDS-UHFFFAOYSA-N,iodomethane,1.5,141.92795,141.92795,0.0,2,0,0,0,0,2,0,0,0,0,0,0,0,1.0,47.8,1.81,0.75,0.75,1.0,0.0,0.0,0.0,0.0,0.0,1.0,0.4,0.0,1.0
184,CCOOC,14795133,C3H8O2,76.09,"InChI=1S/C3H8O2/c1-3-5-4-2/h3H2,1-2H3",DYGOPFFOGFHOIB-UHFFFAOYSA-N,methylperoxyethane,0.5,76.052429494,76.052429494,18.5,14,0,0,2,2,5,0,0,0,0,0,0,0,1.0,64.8,3.54,0.75,0.58,0.0,0.0,0.0,0.0,0.0,0.0,0.0,0.4,2.0,5.0
185,OCCC,1031,C3H8O,60.10,"InChI=1S/C3H8O/c1-2-3-4/h4H,2-3H2,1H3",BDERNNFJNOPAEC-UHFFFAOYSA-N,propan-1-ol,0.3,60.057514874,60.057514874,20.2,7,0,1,1,1,4,0,0,0,0,0,0,0,1.0,54.4,2.36,0.75,0.59,3.0,1.0,1.0,0.0,0.0,0.0,1.0,0.4,1.0,3.0
186,C(=O)C,177,C2H4O,44.05,"InChI=1S/C2H4O/c1-2-3/h2H,1H3",IKHGUXGNUITLKF-UHFFFAOYSA-N,acetaldehyde,-0.3,44.026214747,44.026214747,17.1,10,0,0,1,0,3,0,0,0,0,0,0,0,1.0,39.9,1.5,0.68,0.58,1.0,1.0,0.0,0.0,0.0,0.0,0.0,0.4,0.0,1.0
187,NC(=O),713,CH3NO,45.041,"InChI=1S/CH3NO/c2-1-3/h1H,(H2,2,3)",ZHNUHDYFZUAESO-UHFFFAOYSA-N,formamide,-0.8,45.021463719,45.021463719,43.1,12,0,1,1,0,3,0,0,0,0,0,0,0,1.0,35.3,1.35,0.63,0.55,2.0,1.0,1.0,0.0,0.0,0.0,0.0,0.4,0.0,1.0
188,CCOCC,3283,C4H10O,74.12,"InChI=1S/C4H10O/c1-3-5-4-2/h3-4H2,1-2H3",RTZKZFJDLAIYFH-UHFFFAOYSA-N,ethoxyethane,0.9,74.073164938,74.073164938,9.2,11,0,0,1,2,5,0,0,0,0,0,0,0,1.0,68.1,3.6,0.79,0.6,1.0,1.0,0.0,0.0,0.0,0.0,0.0,0.4,2.0,5.0
189,C(#N),768,CHN,27.025,InChI=1S/CHN/c1-2/h1H,LELOWRISYMNNSU-UHFFFAOYSA-N,formonitrile,0.1,27.010899036,27.010899036,23.8,10,0,0,1,0,2,0,0,0,0,0,0,0,1.0,26.7,0.9,0.57,0.57,1.0,1.0,0.0,0.0,0.0,0.0,0.0,0.4,0.0,1.0
190,F,14917,FH,20.0064,InChI=1S/FH/h1H,KRHYYFGTRYWZRS-UHFFFAOYSA-N,fluorane,0.6,20.006228194,20.006228194,0.0,0,0,1,1,0,1,0,0,0,0,0,0,0,1.0,13.3,0.46,0.46,0.46,1.0,0.0,0.0,1.0,0.0,0.0,0.0,0.4,0.0,1.0
191,ICC,6340,C2H5I,155.97,"InChI=1S/C2H5I/c1-2-3/h2H2,1H3",HVTICUPFWKNHNG-UHFFFAOYSA-N,iodoethane,2.1,155.94360,155.94360,0.0,2,0,0,0,0,3,0,0,0,0,0,0,0,1.0,60.5,2.4,0.9,0.71,2.0,0.0,0.0,0.0,0.0,0.0,2.0,0.4,0.0,1.0
192,Cl,313,ClH,36.46,InChI=1S/ClH/h1H,VEXZGXHMUGYJMC-UHFFFAOYSA-N,chlorane,0.8,35.9766777,35.9766777,0.0,0,0,1,0,0,1,0,0,0,0,0,0,0,1.0,22.4,0.65,0.65,0.65,1.0,0.0,0.0,1.0,0.0,0.0,0.0,0.4,0.0,1.0
193,ClCC,6337,C2H5Cl,64.51,"InChI=1S/C2H5Cl/c1-2-3/h2H2,1H3",HRYZWHHZPQKTII-UHFFFAOYSA-N,chloroethane,1.2,64.0079779,64.0079779,0.0,2,0,0,0,0,3,0,0,0,0,0,0,0,1.0,49.7,1.88,0.82,0.63,0.0,0.0,0.0,0.0,0.0,0.0,0.0,0.4,0.0,1.0
194,CCS(=O)(=O)O,11668,C2H6O3S,110.13,"InChI=1S/C2H6O3S/c1-2-6(3,4)5/h2H2,1H3,(H,3,4,5)",CCIVGXIOQKPBKL-UHFFFAOYSA-N,ethanesulfonic acid,-0.5,110.00376522,110.00376522,62.8,105,0,1,3,1,6,0,0,0,0,0,0,0,1.0,74.8,2.15,1.06,1.01,4.0,3.0,0.0,1.0,0.0,0.0,0.0,0.4,1.0,1.0
195,CCCOC(#N),544573,C4H7NO,85.10,"InChI=1S/C4H7NO/c1-2-3-6-4-5/h2-3H2,1H3",NFQPKQCSKRLPHP-UHFFFAOYSA-N,propyl cyanate,1.3,85.052763847,85.052763847,33.0,61,0,0,2,2,6,0,0,0,0,0,0,0,1.0,72.7,4.51,0.77,0.59,3.0,2.0,0.0,0.0,0.0,0.0,1.0,0.4,2.0,7.0
196,CCOCCC,12340,C5H12O,88.15,"InChI=1S/C5H12O/c1-3-5-6-4-2/h3-5H2,1-2H3",NVJUHMXYKCUMQA-UHFFFAOYSA-N,1-ethoxypropane,1.3,88.088815002,88.088815002,9.2,19,0,0,1,3,6,0,0,0,0,0,0,0,1.0,81.1,5.06,0.77,0.6,2.0,1.0,0.0,0.0,0.0,0.0,1.0,0.4,3.0,10.0
197,CCCONC,19040543,C4H11NO,89.14,"InChI=1S/C4H11NO/c1-3-4-6-5-2/h5H,3-4H2,1-2H3",CMJUIQHOXMXIFQ-UHFFFAOYSA-N,N-propoxymethanamine,0.7,89.084063974,89.084063974,21.3,23,0,1,2,3,6,0,0,0,0,0,0,0,1.0,78.4,4.93,0.75,0.6,1.0,0.0,0.0,0.0,0.0,0.0,1.0,0.4,3.0,10.0
198,O,962,H2O,18.015,InChI=1S/H2O/h1H2,XLYOFNOQVPJJNP-UHFFFAOYSA-N,oxidane,-0.5,18.010564683,18.010564683,1.0,0,0,1,1,0,1,0,0,0,0,0,0,0,1.0,14.7,0.49,0.49,0.49,2.0,1.0,1.0,0.0,0.0,0.0,0.0,0.4,0.0,1.0
199,C(#N)I,10478,CIN,152.922,InChI=1S/CIN/c2-1-3,WPBXOELOQKLBDF-UHFFFAOYSA-N,carbononitridic iodide,0.9,152.90755,152.90755,23.8,31,0,0,1,0,3,0,0,0,0,0,0,0,1.0,54.0,2.53,0.7,0.7,2.0,1.0,0.0,0.0,0.0,0.0,1.0,0.4,0.0,1.0
200,[N+](=O)([O-])Br,11984817,BrHNO2-,126.92,InChI=1S/BrH.HNO2/c;2-1-3/h1H;1H/p-1,SEYAFCXQVVHRPY-UHFFFAOYSA-M,oxido(oxo)azanium;bromide,125.91907,125.91907,48.1,10.0,-1,1,3,0,4,0,0,0,0,0,0,0,2,0.0,,,,,,,,,,,,,,
201,COC,8254,C2H6O,46.07,InChI=1S/C2H6O/c1-3-2/h1-2H3,LCGLNKUTAGEVQW-UHFFFAOYSA-N,methoxymethane,0.1,46.041864811,46.041864811,9.2,2,0,0,1,0,3,0,0,0,0,0,0,0,1.0,42.3,1.6,0.71,0.58,1.0,1.0,0.0,0.0,0.0,0.0,0.0,0.4,0.0,1.0
202,OC(=O),284,CH2O2,46.025,"InChI=1S/CH2O2/c2-1-3/h1H,(H,2,3)",BDAGIHXWWSANSR-UHFFFAOYSA-N,formic acid,-0.2,46.005479302,46.005479302,37.3,10,0,1,2,0,3,0,0,0,0,0,0,0,1.0,34.6,1.31,0.63,0.54,3.0,2.0,0.0,1.0,0.0,0.0,0.0,0.4,0.0,1.0
203,OOC,18199,CH4O2,48.041,"InChI=1S/CH4O2/c1-3-2/h2H,1H3",MEUKEBNAABNAEX-UHFFFAOYSA-N,hydroperoxymethane,-0.4,48.021129366,48.021129366,29.5,2,0,1,2,0,3,0,0,0,0,0,0,0,1.0,38.2,1.44,0.7,0.54,0.0,0.0,0.0,0.0,0.0,0.0,0.0,0.4,0.0,1.0
204,IC1=CC=CC=C1,11575,C6H5I,204.01,InChI=1S/C6H5I/c7-6-4-2-1-3-5-6/h1-5H,SNHMUERNLJLMHN-UHFFFAOYSA-N,iodobenzene,3.2,203.94360,203.94360,0.0,46,0,0,0,0,7,0,0,0,0,0,0,0,1.0,99.3,3.42,1.43,0.66,2.0,0.0,0.0,0.0,0.0,1.0,1.0,0.4,0.0,1.0
205,COOCCC,22959854,C4H10O2,90.12,"InChI=1S/C4H10O2/c1-3-4-6-5-2/h3-4H2,1-2H3",LVBWBYMPXWEQFL-UHFFFAOYSA-N,1-methylperoxypropane,1,90.068079557,90.068079557,18.5,21,0,0,2,3,6,0,0,0,0,0,0,0,1.0,77.7,4.88,0.74,0.6,1.0,0.0,0.0,0.0,0.0,0.0,1.0,0.4,3.0,10.0
206,CCCOCl,10986156,C3H7ClO,94.54,"InChI=1S/C3H7ClO/c1-2-3-5-4/h2-3H2,1H3",PMYRRVREJIBUQU-UHFFFAOYSA-N,propyl hypochlorite,1.8,94.0185425,94.0185425,9.2,16,0,0,1,1,5,0,0,0,0,0,0,0,1.0,71.3,3.97,0.77,0.61,1.0,0.0,0.0,0.0,0.0,0.0,1.0,0.4,2.0,7.0
207,C(#N),768,CHN,27.025,InChI=1S/CHN/c1-2/h1H,LELOWRISYMNNSU-UHFFFAOYSA-N,formonitrile,0.1,27.010899036,27.010899036,23.8,10,0,0,1,0,2,0,0,0,0,0,0,0,1.0,26.7,0.9,0.57,0.57,1.0,1.0,0.0,0.0,0.0,0.0,0.0,0.4,0.0,1.0
208,CNF,20309062,CH4FN,49.048,"InChI=1S/CH4FN/c1-3-2/h3H,1H3",GRHRIJYRDMAPNG-UHFFFAOYSA-N,N-fluoromethanamine,-0.2,49.032777294,49.032777294,12.0,4,0,1,2,0,3,0,0,0,0,0,0,0,1.0,37.4,1.44,0.67,0.54,0.0,0.0,0.0,0.0,0.0,0.0,0.0,0.4,0.0,1.0
209,OC(=O)CCC,264,C4H8O2,88.11,"InChI=1S/C4H8O2/c1-2-3-4(5)6/h2-3H2,1H3,(H,5,6)",FERIUCNNQQJTOY-UHFFFAOYSA-N,butanoic acid,0.8,88.052429494,88.052429494,37.3,49,0,1,2,2,6,0,0,0,0,0,0,0,1.0,73.1,3.36,1.0,0.58,4.0,2.0,0.0,1.0,0.0,0.0,1.0,0.4,2.0,8.0
210,BrCC,6332,C2H5Br,108.97,"InChI=1S/C2H5Br/c1-2-3/h2H2,1H3",RDHPKYGYEGBMSE-UHFFFAOYSA-N,bromoethane,1.4,107.95746,107.95746,0.0,2,0,0,0,0,3,0,0,0,0,0,0,0,1.0,54.2,2.09,0.85,0.66,2.0,0.0,0.0,0.0,0.0,0.0,2.0,0.4,0.0,1.0
211,C(#N)C1=CC=CC=C1,7505,C7H5N,103.12,InChI=1S/C7H5N/c8-6-7-4-2-1-3-5-7/h1-5H,JFDZBHWFFUWGJE-UHFFFAOYSA-N,benzonitrile,1.6,103.042199164,103.042199164,23.8,103,0,0,1,0,8,0,0,0,0,0,0,0,1.0,89.4,3.37,1.36,0.61,2.0,1.0,0.0,0.0,0.0,1.0,0.0,0.4,0.0,1.0
212,FCCC,9998,C3H7F,62.09,"InChI=1S/C3H7F/c1-2-3-4/h2-3H2,1H3",JRHNUZCXXOTJCA-UHFFFAOYSA-N,1-fluoropropane,1.5,62.053178385,62.053178385,0.0,7,0,0,1,1,4,0,0,0,0,0,0,0,1.0,52.9,1.79,0.91,0.64,1.0,0.0,0.0,0.0,0.0,0.0,1.0,0.4,1.0,3.0
213,CCOC,10903,C3H8O,60.10,"InChI=1S/C3H8O/c1-3-4-2/h3H2,1-2H3",XOBKSJJDNFUZPF-UHFFFAOYSA-N,methoxyethane,0.4,60.057514874,60.057514874,9.2,7,0,0,1,1,4,0,0,0,0,0,0,0,1.0,55.2,2.52,0.72,0.59,1.0,1.0,0.0,0.0,0.0,0.0,0.0,0.4,1.0,3.0
214,C(#N)Br,10476,CBrN,105.92,InChI=1S/CBrN/c2-1-3,ATDGTVJJHBUTRL-UHFFFAOYSA-N,carbononitridic bromide,1.1,104.92141,104.92141,23.8,31,0,0,1,0,3,0,0,0,0,0,0,0,1.0,47.0,2.24,0.64,0.64,2.0,1.0,0.0,0.0,0.0,0.0,1.0,0.4,0.0,1.0
215,Br,260,BrH,80.91,InChI=1S/BrH/h1H,CPELXLSAUQHCOX-UHFFFAOYSA-N,bromane,1,79.92616,79.92616,0.0,0,0,1,0,0,1,0,0,0,0,0,0,0,1.0,26.5,0.73,0.73,0.73,1.0,0.0,0.0,1.0,0.0,0.0,0.0,0.4,0.0,1.0
216,C1=CC=CC=C1,241,C6H6,78.11,InChI=1S/C6H6/c1-2-4-6-5-3-1/h1-6H,UHOVQNZJYSORNB-UHFFFAOYSA-N,benzene,2.1,78.0469501914,78.0469501914,0.0,15,0,0,0,0,6,0,0,0,0,0,0,0,1.0,67.5,1.59,1.59,0.62,1.0,0.0,0.0,0.0,0.0,1.0,0.0,0.4,0.0,1.0
217,OS(=O)(=O)C(#N),18763746,CHNO3S,107.09,"InChI=1S/CHNO3S/c2-1-6(3,4)5/h(H,3,4,5)",BZWKPZBXAMTXNQ-UHFFFAOYSA-N,sulfurocyanidic acid,-0.8,106.96771407,106.96771407,86.5,163,0,1,4,0,6,0,0,0,0,0,0,0,1.0,67.9,2.02,1.03,1.02,5.0,4.0,0.0,1.0,0.0,0.0,0.0,0.4,0.0,1.0
218,NCCC,7852,C3H9N,59.11,"InChI=1S/C3H9N/c1-2-3-4/h2-4H2,1H3",WGYKZJWCGVVSQN-UHFFFAOYSA-N,propan-1-amine,0.5,59.073499291,59.073499291,26.0,7,0,1,1,1,4,0,0,0,0,0,0,0,1.0,54.1,2.43,0.75,0.6,3.0,0.0,1.0,0.0,1.0,0.0,1.0,0.4,1.0,3.0
219,FOCC,18424681,C2H5FO,64.06,"InChI=1S/C2H5FO/c1-2-4-3/h2H2,1H3",SHTHWCQBJTUESB-UHFFFAOYSA-N,ethyl hypofluorite,1,64.032442941,64.032442941,9.2,10,0,0,2,0,4,0,0,0,0,0,0,0,1.0,50.0,2.27,0.7,0.56,0.0,0.0,0.0,0.0,0.0,0.0,0.0,0.4,1.0,3.0
220,OC(=O)OC,78579,C2H4O3,76.05,"InChI=1S/C2H4O3/c1-5-2(3)4/h1H3,(H,3,4)",CXHHBNMLPJOKQD-UHFFFAOYSA-N,methyl hydrogen carbonate,0.2,76.016043985,76.016043985,46.5,40,0,1,3,1,5,0,0,0,0,0,0,0,1.0,56.0,2.0,1.02,0.55,3.0,2.0,0.0,1.0,0.0,0.0,0.0,0.4,1.0,1.0
221,CNI,18336892,CH4IN,156.954,"InChI=1S/CH4IN/c1-3-2/h3H,1H3",INKCAHRCQFBDQP-UHFFFAOYSA-N,N-iodomethanamine,0.1,156.93885,156.93885,12.0,4,0,1,1,0,3,0,0,0,0,0,0,0,1.0,56.9,2.32,0.84,0.7,0.0,0.0,0.0,0.0,0.0,0.0,0.0,0.4,0.0,1.0
222,OS(=O)(=O)N,5987,H3NO3S,97.10,"InChI=1S/H3NO3S/c1-5(2,3)4/h(H3,1,2,3,4)",IIACRCGMVDHOTQ-UHFFFAOYSA-N,sulfamic acid,-1.6,96.98336413,96.98336413,88.8,92,0,2,4,0,5,0,0,0,0,0,0,0,1.0,58.6,1.19,1.11,1.09,5.0,3.0,1.0,1.0,0.0,0.0,0.0,0.4,0.0,1.0
223,OC(=O)F,17936736,CHFO2,64.016,"InChI=1S/CHFO2/c2-1(3)4/h(H,3,4)",ABDBNWQRPYOPDF-UHFFFAOYSA-N,carbonofluoridic acid,0.3,63.99605743,63.99605743,37.3,33,0,1,3,0,4,0,0,0,0,0,0,0,1.0,41.7,1.15,1.06,0.53,3.0,2.0,0.0,1.0,0.0,0.0,0.0,0.4,0.0,1.0
224,C(=O)Cl,75720,CHClO,64.47,InChI=1S/CHClO/c2-1-3/h1H,GFAUNYMRSKVDJL-UHFFFAOYSA-N,formyl chloride,0.8,63.9715923,63.9715923,17.1,12,0,0,1,0,3,0,0,0,0,0,0,0,1.0,42.2,1.77,0.69,0.6,0.0,0.0,0.0,0.0,0.0,0.0,0.0,0.4,0.0,1.0
225,C(#N)N,9864,CH2N2,42.040,InChI=1S/CH2N2/c2-1-3/h2H2,XZMCDFZZKTWFGF-UHFFFAOYSA-N,cyanamide,-0.3,42.021798072,42.021798072,49.8,29,0,1,2,0,3,0,0,0,0,0,0,0,1.0,33.9,1.5,0.55,0.55,4.0,1.0,1.0,0.0,2.0,0.0,0.0,0.4,0.0,1.0
226,COBr,12616565,CH3BrO,110.94,InChI=1S/CH3BrO/c1-3-2/h1H3,QJQYPZZUKLQGGT-UHFFFAOYSA-N,methyl hypobromite,1,109.93673,109.93673,9.2,4,0,0,1,0,3,0,0,0,0,0,0,0,1.0,50.0,2.03,0.77,0.64,0.0,0.0,0.0,0.0,0.0,0.0,0.0,0.4,0.0,1.0
227,OS(=O)(=O)O,1118,H2O4S,98.08,"InChI=1S/H2O4S/c1-5(2,3)4/h(H2,1,2,3,4)",QAOWNCQODCNURD-UHFFFAOYSA-N,sulfuric acid,-1.4,97.96737971,97.96737971,83.0,81,0,2,4,0,5,0,0,0,0,0,0,0,1.0,57.4,1.13,1.11,1.09,5.0,4.0,0.0,1.0,0.0,0.0,0.0,0.4,0.0,1.0
228,C1=CC=CC=C1N,6115,C6H7N,93.13,"InChI=1S/C6H7N/c7-6-4-2-1-3-5-6/h1-5H,7H2",PAYRUJLWNCNPSJ-UHFFFAOYSA-N,aniline,0.9,93.057849228,93.057849228,26.0,46,0,1,1,0,7,0,0,0,0,0,0,0,1.0,80.4,2.25,1.47,0.6,3.0,0.0,1.0,0.0,1.0,1.0,0.0,0.4,0.0,1.0
229,C(=O)OCCC,8073,C4H8O2,88.11,"InChI=1S/C4H8O2/c1-2-3-6-4-5/h4H,2-3H2,1H3",KFNNIILCVOLYIR-UHFFFAOYSA-N,propyl formate,0.8,88.052429494,88.052429494,26.3,34,0,0,2,3,6,0,0,0,0,0,0,0,1.0,73.8,4.07,0.88,0.58,2.0,1.0,0.0,0.0,0.0,0.0,1.0,0.4,3.0,10.0
230,CCC,6334,C3H8,44.10,"InChI=1S/C3H8/c1-3-2/h3H2,1-2H3",ATUOYWHBWRKTHZ-UHFFFAOYSA-N,propane,1.8,44.062600255,44.062600255,0.0,0,0,0,0,0,3,0,0,0,0,0,0,0,1.0,46.4,1.67,0.78,0.62,1.0,0.0,0.0,0.0,0.0,0.0,1.0,0.4,0.0,1.0
231,C(#N)O,540,CHNO,43.025,InChI=1S/CHNO/c2-1-3/h3H,XLJMAIOERFSOGZ-UHFFFAOYSA-N,cyanic acid,0.1,43.005813655,43.005813655,44.0,31,0,1,2,0,3,0,0,0,0,0,0,0,1.0,33.3,1.47,0.55,0.55,3.0,2.0,1.0,0.0,0.0,0.0,0.0,0.4,0.0,1.0
232,CCN,6341,C2H7N,45.08,"InChI=1S/C2H7N/c1-2-3/h2-3H2,1H3",QUSNBJAOOMFDIB-UHFFFAOYSA-N,ethanamine,-0.3,45.057849228,45.057849228,26.0,2,0,1,1,0,3,0,0,0,0,0,0,0,1.0,42.4,1.54,0.75,0.59,2.0,0.0,1.0,0.0,1.0,0.0,0.0,0.4,0.0,1.0
233,FNC,20309062,CH4FN,49.048,"InChI=1S/CH4FN/c1-3-2/h3H,1H3",GRHRIJYRDMAPNG-UHFFFAOYSA-N,N-fluoromethanamine,-0.2,49.032777294,49.032777294,12.0,4,0,1,2,0,3,0,0,0,0,0,0,0,1.0,37.4,1.44,0.67,0.54,0.0,0.0,0.0,0.0,0.0,0.0,0.0,0.4,0.0,1.0
234,FN,139987,FH2N,35.021,InChI=1S/FH2N/c1-2/h2H2,MDQRDWAGHRLBPA-UHFFFAOYSA-N,-0.2,35.017127230,35.017127230,26,2.0,0,1,2,0,2,0,0,0,0,0,0,0,1,23.7,0.96,0.49,0.49,0.0,0.0,0.0,0.0,0.0,0.0,0.0,0.4,0.0,1.0,
235,[N+](=O)([O-])C(#N),15798559,CN2O2,72.023,InChI=1S/CN2O2/c2-1-3(4)5,PLXPTFQGYWXIEA-UHFFFAOYSA-N,nitroformonitrile,0.2,71.995977247,71.995977247,69.6,81,0,0,3,0,5,0,0,0,0,0,0,0,1.0,50.9,2.04,0.98,0.53,5.0,3.0,0.0,1.0,1.0,0.0,0.0,0.4,0.0,1.0
236,C(#N)OC,137201,C2H3NO,57.05,InChI=1S/C2H3NO/c1-4-2-3/h1H3,JYQQWQJCEUMXQZ-UHFFFAOYSA-N,methyl cyanate,0.4,57.021463719,57.021463719,33.0,41,0,0,2,0,4,0,0,0,0,0,0,0,1.0,46.9,2.1,0.72,0.57,2.0,2.0,0.0,0.0,0.0,0.0,0.0,0.4,0.0,1.0
237,NBr,123346,BrH2N,95.93,InChI=1S/BrH2N/c1-2/h2H2,FNXLCIKXHOPCKH-UHFFFAOYSA-N,0.2,94.93706,94.93706,26,2.0,0,1,1,0,2,0,0,0,0,0,0,0,1,37.3,1.45,0.65,0.65,0.0,0.0,0.0,0.0,0.0,0.0,0.0,0.4,0.0,1.0,
238,BrOC,12616565,CH3BrO,110.94,InChI=1S/CH3BrO/c1-3-2/h1H3,QJQYPZZUKLQGGT-UHFFFAOYSA-N,methyl hypobromite,1,109.93673,109.93673,9.2,4,0,0,1,0,3,0,0,0,0,0,0,0,1.0,50.0,2.03,0.77,0.64,0.0,0.0,0.0,0.0,0.0,0.0,0.0,0.4,0.0,1.0
239,C1=CC=CC=C1I,11575,C6H5I,204.01,InChI=1S/C6H5I/c7-6-4-2-1-3-5-6/h1-5H,SNHMUERNLJLMHN-UHFFFAOYSA-N,iodobenzene,3.2,203.94360,203.94360,0.0,46,0,0,0,0,7,0,0,0,0,0,0,0,1.0,99.3,3.42,1.43,0.66,2.0,0.0,0.0,0.0,0.0,1.0,1.0,0.4,0.0,1.0
240,COF,142072,CH3FO,50.032,InChI=1S/CH3FO/c1-3-2/h1H3,XMSZANIMCDLNKA-UHFFFAOYSA-N,methyl hypofluorite,0.6,50.016792877,50.016792877,9.2,4,0,0,2,0,3,0,0,0,0,0,0,0,1.0,37.1,1.45,0.67,0.54,0.0,0.0,0.0,0.0,0.0,0.0,0.0,0.4,0.0,1.0
241,O[N+](=O)([O-]),944,HNO3,63.013,"InChI=1S/HNO3/c2-1(3)4/h(H,2,3,4)",GRYLNZFGIOXLOG-UHFFFAOYSA-N,nitric acid,0.2,62.995642894,62.995642894,66.0,24,0,1,3,0,4,0,0,0,0,0,0,0,1.0,37.2,1.12,1.1,0.5,3.0,3.0,0.0,0.0,0.0,0.0,0.0,0.4,0.0,1.0
242,COS(=O)(=O)O,6412,CH4O4S,112.11,"InChI=1S/CH4O4S/c1-5-6(2,3)4/h1H3,(H,2,3,4)",JZMJDSHXVKJFKW-UHFFFAOYSA-N,methyl hydrogen sulfate,-0.8,111.98302978,111.98302978,72.0,104,0,1,4,1,6,0,0,0,0,0,0,0,1.0,71.1,2.13,1.01,0.99,4.0,3.0,0.0,1.0,0.0,0.0,0.0,0.4,1.0,1.0
243,OC(#N),540,CHNO,43.025,InChI=1S/CHNO/c2-1-3/h3H,XLJMAIOERFSOGZ-UHFFFAOYSA-N,cyanic acid,0.1,43.005813655,43.005813655,44.0,31,0,1,2,0,3,0,0,0,0,0,0,0,1.0,33.3,1.47,0.55,0.55,3.0,2.0,1.0,0.0,0.0,0.0,0.0,0.4,0.0,1.0
244,O,962,H2O,18.015,InChI=1S/H2O/h1H2,XLYOFNOQVPJJNP-UHFFFAOYSA-N,oxidane,-0.5,18.010564683,18.010564683,1.0,0,0,1,1,0,1,0,0,0,0,0,0,0,1.0,14.7,0.49,0.49,0.49,2.0,1.0,1.0,0.0,0.0,0.0,0.0,0.4,0.0,1.0
245,INC,18336892,CH4IN,156.954,"InChI=1S/CH4IN/c1-3-2/h3H,1H3",INKCAHRCQFBDQP-UHFFFAOYSA-N,N-iodomethanamine,0.1,156.93885,156.93885,12.0,4,0,1,1,0,3,0,0,0,0,0,0,0,1.0,56.9,2.32,0.84,0.7,0.0,0.0,0.0,0.0,0.0,0.0,0.0,0.4,0.0,1.0
246,CCCOOCC,23289207,C5H12O2,104.15,"InChI=1S/C5H12O2/c1-3-5-7-6-4-2/h3-5H2,1-2H3",GMQOFXUAEGKBFW-UHFFFAOYSA-N,1-ethylperoxypropane,1.4,104.083729621,104.083729621,18.5,29,0,0,2,4,7,0,0,0,0,0,0,0,1.0,90.6,6.6,0.77,0.61,1.0,0.0,0.0,0.0,0.0,0.0,1.0,0.6,4.0,10.0
247,OBr,83547,BrHO,96.91,InChI=1S/BrHO/c1-2/h2H,CUILPNURFADTPE-UHFFFAOYSA-N,hypobromous acid,0.5,95.92108,95.92108,20.2,2,0,1,1,0,2,0,0,0,0,0,0,0,1.0,36.4,1.39,0.65,0.65,0.0,0.0,0.0,0.0,0.0,0.0,0.0,0.4,0.0,1.0
248,[N+](=O)([O-])CCC,7903,C3H7NO2,89.09,"InChI=1S/C3H7NO2/c1-2-3-4(5)6/h2-3H2,1H3",JSZOAYXJRCEYSX-UHFFFAOYSA-N,1-nitropropane,0.9,89.047678466,89.047678466,45.8,47,0,0,2,1,6,0,0,0,0,0,0,0,1.0,71.2,3.13,0.9,0.7,4.0,2.0,0.0,1.0,0.0,0.0,1.0,0.4,2.0,8.0
249,C1=CC=CC=C1O,996,C6H6O,94.11,"InChI=1S/C6H6O/c7-6-4-2-1-3-5-6/h1-5,7H",ISWSIDIOOBJBQZ-UHFFFAOYSA-N,phenol,1.5,94.041864811,94.041864811,20.2,46,0,1,1,0,7,0,0,0,0,0,0,0,1.0,79.5,2.19,1.47,0.6,2.0,0.0,1.0,0.0,0.0,1.0,0.0,0.4,0.0,1.0
250,C(=O)CCC,261,C4H8O,72.11,"InChI=1S/C4H8O/c1-2-3-4-5/h4H,2-3H2,1H3",ZTQSAGDEMFDKMZ-UHFFFAOYSA-N,butanal,0.9,72.057514874,72.057514874,17.1,24,0,0,1,2,5,0,0,0,0,0,0,0,1.0,65.4,2.96,0.88,0.6,2.0,1.0,0.0,0.0,0.0,0.0,1.0,0.4,2.0,9.0
251,CCCC(=O)O,264,C4H8O2,88.11,"InChI=1S/C4H8O2/c1-2-3-4(5)6/h2-3H2,1H3,(H,5,6)",FERIUCNNQQJTOY-UHFFFAOYSA-N,butanoic acid,0.8,88.052429494,88.052429494,37.3,49,0,1,2,2,6,0,0,0,0,0,0,0,1.0,73.1,3.36,1.0,0.58,4.0,2.0,0.0,1.0,0.0,0.0,1.0,0.4,2.0,8.0
252,OOCCC,123234,C3H8O2,76.09,"InChI=1S/C3H8O2/c1-2-3-5-4/h4H,2-3H2,1H3",TURGQPDWYFJEDY-UHFFFAOYSA-N,1-hydroperoxypropane,0.5,76.052429494,76.052429494,29.5,14,0,1,2,2,5,0,0,0,0,0,0,0,1.0,64.0,3.32,0.75,0.58,1.0,0.0,0.0,0.0,0.0,0.0,1.0,0.4,2.0,7.0
253,C(=O)C(=O)O,760,C2H2O3,74.04,"InChI=1S/C2H2O3/c3-1-2(4)5/h1H,(H,4,5)",HHLFWLYXYJOTON-UHFFFAOYSA-N,oxaldehydic acid,-0.3,74.000393922,74.000393922,54.4,55,0,1,3,1,5,0,0,0,0,0,0,0,1.0,53.2,1.79,1.03,0.55,4.0,3.0,0.0,1.0,0.0,0.0,0.0,0.4,1.0,1.0
254,CN,6329,CH5N,31.057,"InChI=1S/CH5N/c1-2/h2H2,1H3",BAVYZALUXZFZLV-UHFFFAOYSA-N,methanamine,-0.7,31.042199164,31.042199164,26.0,2,0,1,1,0,2,0,0,0,0,0,0,0,1.0,29.3,1.07,0.57,0.57,2.0,0.0,1.0,0.0,1.0,0.0,0.0,0.4,0.0,1.0
255,IF,139637,FI,145.9029,InChI=1S/FI/c1-2,PDJAZCSYYQODQF-UHFFFAOYSA-N,1.4,145.90288,145.90288,0,2.0,0,0,1,0,2,0,0,0,0,0,0,0,1,0.0,,,,,,,,,,,,,,
256,CN,6329,CH5N,31.057,"InChI=1S/CH5N/c1-2/h2H2,1H3",BAVYZALUXZFZLV-UHFFFAOYSA-N,methanamine,-0.7,31.042199164,31.042199164,26.0,2,0,1,1,0,2,0,0,0,0,0,0,0,1.0,29.3,1.07,0.57,0.57,2.0,0.0,1.0,0.0,1.0,0.0,0.0,0.4,0.0,1.0
257,ClO,24341,ClHO,52.46,InChI=1S/ClHO/c1-2/h2H,QWPPOHNGKGFGJK-UHFFFAOYSA-N,hypochlorous acid,0.3,51.9715923,51.9715923,20.2,2,0,1,1,0,2,0,0,0,0,0,0,0,1.0,32.1,1.26,0.59,0.59,0.0,0.0,0.0,0.0,0.0,0.0,0.0,0.4,0.0,1.0
258,NC(=O)O,277,CH3NO2,61.040,"InChI=1S/CH3NO2/c2-1(3)4/h2H2,(H,3,4)",KXDHJXZQYSOELW-UHFFFAOYSA-N,carbamic acid,-0.8,61.016378338,61.016378338,63.3,33,0,2,2,0,4,0,0,0,0,0,0,0,1.0,43.3,1.15,1.11,0.54,3.0,1.0,1.0,1.0,0.0,0.0,0.0,0.4,0.0,1.0
259,CNS(=O)(=O)O,244258,CH5NO3S,111.12,"InChI=1S/CH5NO3S/c1-2-6(3,4)5/h2H,1H3,(H,3,4,5)",MYMDOKBFMTVEGE-UHFFFAOYSA-N,methylsulfamic acid,-1.2,110.99901420,110.99901420,74.8,107,0,2,4,1,6,0,0,0,0,0,0,0,1.0,72.3,2.17,1.03,1.0,5.0,3.0,1.0,1.0,0.0,0.0,0.0,0.4,1.0,1.0
260,COC(#N),137201,C2H3NO,57.05,InChI=1S/C2H3NO/c1-4-2-3/h1H3,JYQQWQJCEUMXQZ-UHFFFAOYSA-N,methyl cyanate,0.4,57.021463719,57.021463719,33.0,41,0,0,2,0,4,0,0,0,0,0,0,0,1.0,46.9,2.1,0.72,0.57,2.0,2.0,0.0,0.0,0.0,0.0,0.0,0.4,0.0,1.0
261,BrF,139632,BrF,98.90,InChI=1S/BrF/c1-2,MZJUGRUTVANEDW-UHFFFAOYSA-N,1.5,97.91674,97.91674,0,2.0,0,0,1,0,2,0,0,0,0,0,0,0,1,0.0,,,,,,,,,,,,,,
262,ClI,24640,ClI,162.36,InChI=1S/ClI/c1-2,QZRGKCOWNLSUDK-UHFFFAOYSA-N,1.7,161.87333,161.87333,0,2.0,0,0,0,0,2,0,0,0,0,0,0,0,1,0.0,,,,,,,,,,,,,,
263,ClOC,79056,CH3ClO,66.49,InChI=1S/CH3ClO/c1-3-2/h1H3,UCFFGYASXIPWPD-UHFFFAOYSA-N,methyl hypochlorite,0.9,65.9872424,65.9872424,9.2,4,0,0,1,0,3,0,0,0,0,0,0,0,1.0,45.7,1.86,0.73,0.6,0.0,0.0,0.0,0.0,0.0,0.0,0.0,0.4,0.0,1.0
264,OCC,702,C2H6O,46.07,"InChI=1S/C2H6O/c1-2-3/h3H,2H2,1H3",LFQSCWFLJHTTHZ-UHFFFAOYSA-N,ethanol,-0.1,46.041864811,46.041864811,20.2,2,0,1,1,0,3,0,0,0,0,0,0,0,1.0,41.5,1.48,0.75,0.58,2.0,1.0,1.0,0.0,0.0,0.0,0.0,0.4,0.0,1.0
265,NI,5165707,H2IN,142.927,InChI=1S/H2IN/c1-2/h2H2,HXLVCCRPDYIRRX-UHFFFAOYSA-N,0.1,142.92320,142.92320,26,2.0,0,1,1,0,2,0,0,0,0,0,0,0,1,43.3,1.59,0.73,0.73,0.0,0.0,0.0,0.0,0.0,0.0,0.0,0.4,0.0,1.0,
266,C(=O)F,15153,CHFO,48.016,InChI=1S/CHFO/c2-1-3/h1H,NHGVZTMBVDFPHJ-UHFFFAOYSA-N,formyl fluoride,0.3,48.001142813,48.001142813,17.1,12,0,0,2,0,3,0,0,0,0,0,0,0,1.0,33.7,1.23,0.64,0.54,0.0,0.0,0.0,0.0,0.0,0.0,0.0,0.4,0.0,1.0
267,[N+](=O)([O-]),24529,HNO2,47.014,"InChI=1S/HNO2/c2-1-3/h(H,2,3)",IOVCWXUNBOPUCH-UHFFFAOYSA-N,nitrous acid,-0.3,47.000728275,47.000728275,49.7,10,0,1,3,0,3,0,0,0,0,0,0,0,1.0,32.7,1.34,0.64,0.5,2.0,2.0,0.0,0.0,0.0,0.0,0.0,0.4,0.0,1.0
268,ClN,25423,ClH2N,51.47,InChI=1S/ClH2N/c1-2/h2H2,QDHHCQZDFGDHMP-UHFFFAOYSA-N,0.1,50.9875768,50.9875768,26,2.0,0,1,1,0,2,0,0,0,0,0,0,0,1,33.3,1.35,0.6,0.6,0.0,0.0,0.0,0.0,0.0,0.0,0.0,0.4,0.0,1.0,
269,CCCOCC,12340,C5H12O,88.15,"InChI=1S/C5H12O/c1-3-5-6-4-2/h3-5H2,1-2H3",NVJUHMXYKCUMQA-UHFFFAOYSA-N,1-ethoxypropane,1.3,88.088815002,88.088815002,9.2,19,0,0,1,3,6,0,0,0,0,0,0,0,1.0,81.1,5.06,0.77,0.6,2.0,1.0,0.0,0.0,0.0,0.0,1.0,0.4,3.0,10.0
270,CNCl,80260,CH4ClN,65.50,"InChI=1S/CH4ClN/c1-3-2/h3H,1H3",QXJIABOUHLYVHP-UHFFFAOYSA-N,N-chloromethanamine,0.1,65.0032268,65.0032268,12.0,4,0,1,1,0,3,0,0,0,0,0,0,0,1.0,46.9,1.93,0.75,0.6,0.0,0.0,0.0,0.0,0.0,0.0,0.0,0.4,0.0,1.0
271,C,297,CH4,16.043,InChI=1S/CH4/h1H4,VNWKTOKETHGBQD-UHFFFAOYSA-N,methane,0.6,16.0313001276,16.0313001276,0.0,0,0,0,0,0,1,0,0,0,0,0,0,0,1.0,20.6,0.62,0.62,0.62,0.0,0.0,0.0,0.0,0.0,0.0,0.0,0.4,0.0,1.0
272,BrN,123346,BrH2N,95.93,InChI=1S/BrH2N/c1-2/h2H2,FNXLCIKXHOPCKH-UHFFFAOYSA-N,0.2,94.93706,94.93706,26,2.0,0,1,1,0,2,0,0,0,0,0,0,0,1,37.3,1.45,0.65,0.65,0.0,0.0,0.0,0.0,0.0,0.0,0.0,0.4,0.0,1.0,
273,[N+](=O)([O-])NC,421670,CH4N2O2,76.055,"InChI=1S/CH4N2O2/c1-2-3(4)5/h2H,1H3",ARCZSDSOONGBRX-UHFFFAOYSA-N,N-methylnitramide,0.5,76.027277375,76.027277375,57.8,37,0,1,3,0,5,0,0,0,0,0,0,0,1.0,54.9,1.95,0.98,0.6,3.0,2.0,1.0,0.0,0.0,0.0,0.0,0.4,1.0,2.0
274,NC,6329,CH5N,31.057,"InChI=1S/CH5N/c1-2/h2H2,1H3",BAVYZALUXZFZLV-UHFFFAOYSA-N,methanamine,-0.7,31.042199164,31.042199164,26.0,2,0,1,1,0,2,0,0,0,0,0,0,0,1.0,29.3,1.07,0.57,0.57,2.0,0.0,1.0,0.0,1.0,0.0,0.0,0.4,0.0,1.0
275,CCCOC(=O),8073,C4H8O2,88.11,"InChI=1S/C4H8O2/c1-2-3-6-4-5/h4H,2-3H2,1H3",KFNNIILCVOLYIR-UHFFFAOYSA-N,propyl formate,0.8,88.052429494,88.052429494,26.3,34,0,0,2,3,6,0,0,0,0,0,0,0,1.0,73.8,4.07,0.88,0.58,2.0,1.0,0.0,0.0,0.0,0.0,1.0,0.4,3.0,10.0
276,BrC1=CC=CC=C1,7961,C6H5Br,157.01,InChI=1S/C6H5Br/c7-6-4-2-1-3-5-6/h1-5H,QARVLSVVCXYDNA-UHFFFAOYSA-N,bromobenzene,3,155.95746,155.95746,0.0,46,0,0,0,0,7,0,0,0,0,0,0,0,1.0,92.0,3.01,1.44,0.64,2.0,0.0,0.0,0.0,0.0,1.0,1.0,0.4,0.0,1.0
277,FC(=O)O,17936736,CHFO2,64.016,"InChI=1S/CHFO2/c2-1(3)4/h(H,3,4)",ABDBNWQRPYOPDF-UHFFFAOYSA-N,carbonofluoridic acid,0.3,63.99605743,63.99605743,37.3,33,0,1,3,0,4,0,0,0,0,0,0,0,1.0,41.7,1.15,1.06,0.53,3.0,2.0,0.0,1.0,0.0,0.0,0.0,0.4,0.0,1.0
278,[N+](=O)([O-])OCCC,12307,C3H7NO3,105.09,"InChI=1S/C3H7NO3/c1-2-3-7-4(5)6/h2-3H2,1H3",JNTOKFNBDFMTIV-UHFFFAOYSA-N,propyl nitrate,1.4,105.042593085,105.042593085,55.0,57,0,0,3,2,7,0,0,0,0,0,0,0,1.0,80.3,4.56,0.93,0.56,3.0,2.0,0.0,0.0,0.0,0.0,1.0,0.4,3.0,10.0
279,ICCC,33643,C3H7I,169.99,"InChI=1S/C3H7I/c1-2-3-4/h2-3H2,1H3",PVWOIHVRPOBWPI-UHFFFAOYSA-N,1-iodopropane,2.6,169.95925,169.95925,0.0,7,0,0,0,1,4,0,0,0,0,0,0,0,1.0,73.4,3.59,0.84,0.69,2.0,0.0,0.0,0.0,0.0,0.0,2.0,0.4,1.0,3.0
280,FO,123334,FHO,36.006,InChI=1S/FHO/c1-2/h2H,AQYSYJUIMQTRMV-UHFFFAOYSA-N,hypofluorous acid,0.1,36.001142813,36.001142813,20.2,2,0,1,2,0,2,0,0,0,0,0,0,0,1.0,23.3,0.97,0.48,0.48,0.0,0.0,0.0,0.0,0.0,0.0,0.0,0.4,0.0,1.0
281,IN,5165707,H2IN,142.927,InChI=1S/H2IN/c1-2/h2H2,HXLVCCRPDYIRRX-UHFFFAOYSA-N,0.1,142.92320,142.92320,26,2.0,0,1,1,0,2,0,0,0,0,0,0,0,1,43.3,1.59,0.73,0.73,0.0,0.0,0.0,0.0,0.0,0.0,0.0,0.4,0.0,1.0,
282,C1=C(C=CC=C1)[N+](=O)([O-]),7416,C6H5NO2,123.11,InChI=1S/C6H5NO2/c8-7(9)6-4-2-1-3-5-6/h1-5H,LQNUZADURLCDLV-UHFFFAOYSA-N,nitrobenzene,1.9,123.032028402,123.032028402,45.8,102,0,0,2,0,9,0,0,0,0,0,0,0,1.0,96.3,3.34,1.51,0.59,4.0,2.0,0.0,1.0,0.0,1.0,0.0,0.4,1.0,1.0
283,OC(=O)C(#N),9812747,C2HNO2,71.03,"InChI=1S/C2HNO2/c3-1-2(4)5/h(H,4,5)",HJMZMZRCABDKKV-UHFFFAOYSA-N,carbonocyanidic acid,-0.1,71.000728275,71.000728275,61.1,87,0,1,3,0,5,0,0,0,0,0,0,0,1.0,52.2,2.01,1.0,0.56,4.0,3.0,0.0,1.0,0.0,0.0,0.0,0.4,0.0,1.0
284,CC,6324,C2H6,30.07,InChI=1S/C2H6/c1-2/h1-2H3,OTMSDBZUPAUEDD-UHFFFAOYSA-N,ethane,1.3,30.0469501914,30.0469501914,0.0,0,0,0,0,0,2,0,0,0,0,0,0,0,1.0,33.4,1.19,0.62,0.62,2.0,0.0,0.0,0.0,0.0,0.0,2.0,0.4,0.0,1.0
285,IO,123340,HIO,143.912,InChI=1S/HIO/c1-2/h2H,GEOVEUCEIQCBKH-UHFFFAOYSA-N,hypoiodous acid,0.4,143.90721,143.90721,20.2,2,0,1,1,0,2,0,0,0,0,0,0,0,1.0,42.2,1.52,0.73,0.73,0.0,0.0,0.0,0.0,0.0,0.0,0.0,0.4,0.0,1.0
286,OI,123340,HIO,143.912,InChI=1S/HIO/c1-2/h2H,GEOVEUCEIQCBKH-UHFFFAOYSA-N,hypoiodous acid,0.4,143.90721,143.90721,20.2,2,0,1,1,0,2,0,0,0,0,0,0,0,1.0,42.2,1.52,0.73,0.73,0.0,0.0,0.0,0.0,0.0,0.0,0.0,0.4,0.0,1.0
287,CCCOI,54315381,C3H7IO,185.99,"InChI=1S/C3H7IO/c1-2-3-5-4/h2-3H2,1H3",SNUHMNITLLXYBP-UHFFFAOYSA-N,propyl hypoiodite,1.8,185.95416,185.95416,9.2,16,0,0,1,1,5,0,0,0,0,0,0,0,1.0,81.4,4.64,0.83,0.67,1.0,0.0,0.0,0.0,0.0,0.0,1.0,0.4,2.0,7.0
288,C(=O)NC,31254,C2H5NO,59.07,"InChI=1S/C2H5NO/c1-3-2-4/h2H,1H3,(H,3,4)",ATHHXGZTWNVVOU-UHFFFAOYSA-N,N-methylformamide,-1,59.037113783,59.037113783,29.1,20,0,1,1,0,4,0,0,0,0,0,0,0,1.0,48.9,1.89,0.85,0.57,2.0,1.0,1.0,0.0,0.0,0.0,0.0,0.4,1.0,2.0
289,CCCC,7843,C4H10,58.12,"InChI=1S/C4H10/c1-3-4-2/h3-4H2,1-2H3",IJDNQMDRQITEOD-UHFFFAOYSA-N,butane,2.9,58.078250319,58.078250319,0.0,2,0,0,0,1,4,0,0,0,0,0,0,0,1.0,59.3,2.64,0.76,0.62,2.0,0.0,0.0,0.0,0.0,0.0,2.0,0.4,1.0,3.0
290,NC(#N),9864,CH2N2,42.040,InChI=1S/CH2N2/c2-1-3/h2H2,XZMCDFZZKTWFGF-UHFFFAOYSA-N,cyanamide,-0.3,42.021798072,42.021798072,49.8,29,0,1,2,0,3,0,0,0,0,0,0,0,1.0,33.9,1.5,0.55,0.55,4.0,1.0,1.0,0.0,2.0,0.0,0.0,0.4,0.0,1.0
291,CNC(#N),119415,C2H4N2,56.07,"InChI=1S/C2H4N2/c1-4-2-3/h4H,1H3",MCLITRXWHZUNCQ-UHFFFAOYSA-N,methylcyanamide,0.4,56.037448136,56.037448136,35.8,39,0,1,2,0,4,0,0,0,0,0,0,0,1.0,48.1,2.35,0.69,0.57,4.0,1.0,1.0,0.0,2.0,0.0,0.0,0.4,0.0,1.0
292,CCCN,7852,C3H9N,59.11,"InChI=1S/C3H9N/c1-2-3-4/h2-4H2,1H3",WGYKZJWCGVVSQN-UHFFFAOYSA-N,propan-1-amine,0.5,59.073499291,59.073499291,26.0,7,0,1,1,1,4,0,0,0,0,0,0,0,1.0,54.1,2.43,0.75,0.6,3.0,0.0,1.0,0.0,1.0,0.0,1.0,0.4,1.0,3.0
293,[N+](=O)([O-])Cl,11984615,ClHNO2-,82.47,InChI=1S/ClH.HNO2/c;2-1-3/h1H;1H/p-1,HSSFHZJIMRUXDM-UHFFFAOYSA-M,oxido(oxo)azanium;chloride,81.9695810,81.9695810,48.1,10.0,-1,1,3,0,4,0,0,0,0,0,0,0,2,0.0,,,,,,,,,,,,,,
294,BrC(#N),10476,CBrN,105.92,InChI=1S/CBrN/c2-1-3,ATDGTVJJHBUTRL-UHFFFAOYSA-N,carbononitridic bromide,1.1,104.92141,104.92141,23.8,31,0,0,1,0,3,0,0,0,0,0,0,0,1.0,47.0,2.24,0.64,0.64,2.0,1.0,0.0,0.0,0.0,0.0,1.0,0.4,0.0,1.0
295,CCCI,33643,C3H7I,169.99,"InChI=1S/C3H7I/c1-2-3-4/h2-3H2,1H3",PVWOIHVRPOBWPI-UHFFFAOYSA-N,1-iodopropane,2.6,169.95925,169.95925,0.0,7,0,0,0,1,4,0,0,0,0,0,0,0,1.0,73.4,3.59,0.84,0.69,2.0,0.0,0.0,0.0,0.0,0.0,2.0,0.4,1.0,3.0
296,OC(=O)CC,1032,C3H6O2,74.08,"InChI=1S/C3H6O2/c1-2-3(4)5/h2H2,1H3,(H,4,5)",XBDQKXXYIPTUBI-UHFFFAOYSA-N,propanoic acid,0.3,74.036779430,74.036779430,37.3,40,0,1,2,1,5,0,0,0,0,0,0,0,1.0,60.3,2.11,1.07,0.58,4.0,2.0,0.0,1.0,0.0,0.0,1.0,0.4,1.0,2.0
297,I,24841,HI,127.9124,InChI=1S/HI/h1H,XMBWDFGMSWQBCA-UHFFFAOYSA-N,iodane,0.9,127.91230,127.91230,0.0,0,0,1,0,0,1,0,0,0,0,0,0,0,1.0,32.5,0.84,0.84,0.84,1.0,0.0,0.0,1.0,0.0,0.0,0.0,0.4,0.0,1.0
298,CCOC(=O)O,105349,C3H6O3,90.08,"InChI=1S/C3H6O3/c1-2-6-3(4)5/h2H2,1H3,(H,4,5)",CQDGTJPVBWZJAZ-UHFFFAOYSA-N,ethyl hydrogen carbonate,0.6,90.031694049,90.031694049,46.5,50,0,1,3,2,6,0,0,0,0,0,0,0,1.0,68.8,3.17,0.99,0.56,3.0,2.0,0.0,1.0,0.0,0.0,0.0,0.4,2.0,9.0
299,[N+](=O)([O-]),24529,HNO2,47.014,"InChI=1S/HNO2/c2-1-3/h(H,2,3)",IOVCWXUNBOPUCH-UHFFFAOYSA-N,nitrous acid,-0.3,47.000728275,47.000728275,49.7,10,0,1,3,0,3,0,0,0,0,0,0,0,1.0,32.7,1.34,0.64,0.5,2.0,2.0,0.0,0.0,0.0,0.0,0.0,0.4,0.0,1.0
300,C(#N)C(=O)O,9812747,C2HNO2,71.03,"InChI=1S/C2HNO2/c3-1-2(4)5/h(H,4,5)",HJMZMZRCABDKKV-UHFFFAOYSA-N,carbonocyanidic acid,-0.1,71.000728275,71.000728275,61.1,87,0,1,3,0,5,0,0,0,0,0,0,0,1.0,52.2,2.01,1.0,0.56,4.0,3.0,0.0,1.0,0.0,0.0,0.0,0.4,0.0,1.0
301,NOCC,69357,C2H7NO,61.08,"InChI=1S/C2H7NO/c1-2-4-3/h2-3H2,1H3",AQFWNELGMODZGC-UHFFFAOYSA-N,O-ethylhydroxylamine,-0.3,61.052763847,61.052763847,35.2,10,0,1,2,1,4,0,0,0,0,0,0,0,1.0,51.7,2.36,0.7,0.57,0.0,0.0,0.0,0.0,0.0,0.0,0.0,0.4,1.0,3.0
302,CCCCC,8003,C5H12,72.15,"InChI=1S/C5H12/c1-3-5-4-2/h3-5H2,1-2H3",OFBQJSOFQDEBGM-UHFFFAOYSA-N,pentane,3.4,72.093900383,72.093900383,0.0,7,0,0,0,2,5,0,0,0,0,0,0,0,1.0,72.3,3.79,0.79,0.62,2.0,0.0,0.0,0.0,0.0,0.0,2.0,0.4,2.0,5.0
303,OS(=O)(=O),104748,HO3S-,81.07,"InChI=1S/H2O3S/c1-4(2)3/h(H2,1,2,3)/p-1",LSNNMFCWUKXFEE-UHFFFAOYSA-M,hydrogen sulfite,-1,80.96464006,80.96464006,79.6,24,-1,1,4,0,4,0,0,0,0,0,0,0,1.0,48.4,1.25,1.23,0.6,3.0,3.0,0.0,0.0,0.0,0.0,0.0,0.4,0.0,1.0
304,CCC(=O),527,C3H6O,58.08,"InChI=1S/C3H6O/c1-2-3-4/h3H,2H2,1H3",NBBJYMSMWIIQGU-UHFFFAOYSA-N,propanal,0.6,58.041864811,58.041864811,17.1,17,0,0,1,1,4,0,0,0,0,0,0,0,1.0,52.4,1.82,0.95,0.59,2.0,1.0,0.0,0.0,0.0,0.0,1.0,0.4,1.0,3.0
305,ClBr,61697,BrCl,115.36,InChI=1S/BrCl/c1-2,CODNYICXDISAEA-UHFFFAOYSA-N,1.8,113.88719,113.88719,0,2.0,0,0,0,0,2,0,0,0,0,0,0,0,1,0.0,,,,,,,,,,,,,,
306,FC1=CC=CC=C1,10008,C6H5F,96.10,InChI=1S/C6H5F/c7-6-4-2-1-3-5-6/h1-5H,PYLWMHQQBFSUBP-UHFFFAOYSA-N,fluorobenzene,2.3,96.037528322,96.037528322,0.0,46,0,0,1,0,7,0,0,0,0,0,0,0,1.0,78.5,2.14,1.48,0.6,1.0,0.0,0.0,0.0,0.0,1.0,0.0,0.4,0.0,1.0
307,CNC(=O),31254,C2H5NO,59.07,"InChI=1S/C2H5NO/c1-3-2-4/h2H,1H3,(H,3,4)",ATHHXGZTWNVVOU-UHFFFAOYSA-N,N-methylformamide,-1,59.037113783,59.037113783,29.1,20,0,1,1,0,4,0,0,0,0,0,0,0,1.0,48.9,1.89,0.85,0.57,2.0,1.0,1.0,0.0,0.0,0.0,0.0,0.4,1.0,2.0
308,OC(=O)O,767,CH2O3,62.025,"InChI=1S/CH2O3/c2-1(3)4/h(H2,2,3,4)",BVKZGUZCCUSVTD-UHFFFAOYSA-N,carbonic acid,-0.1,62.000393922,62.000393922,57.5,26,0,2,3,0,4,0,0,0,0,0,0,0,1.0,42.6,1.14,1.09,0.53,4.0,3.0,0.0,1.0,0.0,0.0,0.0,0.4,0.0,1.0
309,I[N+](=O)([O-]),11984676,HINO2-,173.918,InChI=1S/HI.HNO2/c;2-1-3/h1H;1H/p-1,QLKSBSRYIUJEHJ-UHFFFAOYSA-M,oxido(oxo)azanium;iodide,173.90520,173.90520,48.1,10.0,-1,1,3,0,4,0,0,0,0,0,0,0,2,0.0,,,,,,,,,,,,,,
310,COC,8254,C2H6O,46.07,InChI=1S/C2H6O/c1-3-2/h1-2H3,LCGLNKUTAGEVQW-UHFFFAOYSA-N,methoxymethane,0.1,46.041864811,46.041864811,9.2,2,0,0,1,0,3,0,0,0,0,0,0,0,1.0,42.3,1.6,0.71,0.58,1.0,1.0,0.0,0.0,0.0,0.0,0.0,0.4,0.0,1.0
311,CCOCC,3283,C4H10O,74.12,"InChI=1S/C4H10O/c1-3-5-4-2/h3-4H2,1-2H3",RTZKZFJDLAIYFH-UHFFFAOYSA-N,ethoxyethane,0.9,74.073164938,74.073164938,9.2,11,0,0,1,2,5,0,0,0,0,0,0,0,1.0,68.1,3.6,0.79,0.6,1.0,1.0,0.0,0.0,0.0,0.0,0.0,0.4,2.0,5.0
312,C1=CC=CC=C1F,10008,C6H5F,96.10,InChI=1S/C6H5F/c7-6-4-2-1-3-5-6/h1-5H,PYLWMHQQBFSUBP-UHFFFAOYSA-N,fluorobenzene,2.3,96.037528322,96.037528322,0.0,46,0,0,1,0,7,0,0,0,0,0,0,0,1.0,78.5,2.14,1.48,0.6,1.0,0.0,0.0,0.0,0.0,1.0,0.0,0.4,0.0,1.0
313,BrOCCC,20226729,C3H7BrO,138.99,"InChI=1S/C3H7BrO/c1-2-3-5-4/h2-3H2,1H3",ZRPLYMXEZCXKRA-UHFFFAOYSA-N,propyl hypobromite,1.9,137.96803,137.96803,9.2,16,0,0,1,1,5,0,0,0,0,0,0,0,1.0,75.7,4.27,0.79,0.63,1.0,0.0,0.0,0.0,0.0,0.0,1.0,0.4,2.0,9.0
314,CCCOO,123234,C3H8O2,76.09,"InChI=1S/C3H8O2/c1-2-3-5-4/h4H,2-3H2,1H3",TURGQPDWYFJEDY-UHFFFAOYSA-N,1-hydroperoxypropane,0.5,76.052429494,76.052429494,29.5,14,0,1,2,2,5,0,0,0,0,0,0,0,1.0,64.0,3.32,0.75,0.58,1.0,0.0,0.0,0.0,0.0,0.0,1.0,0.4,2.0,7.0
315,OC(=O)I,11542850,CHIO2,171.922,"InChI=1S/CHIO2/c2-1(3)4/h(H,3,4)",QFWACQSXKWRSLR-UHFFFAOYSA-N,carboniodidic acid,0.7,171.90213,171.90213,37.3,33,0,1,2,0,4,0,0,0,0,0,0,0,1.0,61.6,2.12,1.12,0.66,4.0,2.0,0.0,1.0,0.0,0.0,1.0,0.4,0.0,1.0
316,C(=O)[N+](=O)([O-]),11434909,CHNO3,75.024,InChI=1S/CHNO3/c3-1-2(4)5/h1H,CAMJPMYWRKKZNK-UHFFFAOYSA-N,nitroformaldehyde,0,74.995642894,74.995642894,62.9,52,0,0,3,0,5,0,0,0,0,0,0,0,1.0,50.4,1.85,1.0,0.53,3.0,3.0,0.0,0.0,0.0,0.0,0.0,0.4,1.0,1.0
317,COCCC,11182,C4H10O,74.12,"InChI=1S/C4H10O/c1-3-4-5-2/h3-4H2,1-2H3",VNKYTQGIUYNRMY-UHFFFAOYSA-N,1-methoxypropane,1.2,74.073164938,74.073164938,9.2,13,0,0,1,2,5,0,0,0,0,0,0,0,1.0,68.1,3.62,0.75,0.6,2.0,1.0,0.0,0.0,0.0,0.0,1.0,0.4,2.0,7.0
318,ClC,6327,CH3Cl,50.49,InChI=1S/CH3Cl/c1-2/h1H3,NEHMKBQYUWJMIP-UHFFFAOYSA-N,chloromethane,0.8,49.9923278,49.9923278,0.0,2,0,0,0,0,2,0,0,0,0,0,0,0,1.0,36.9,1.41,0.64,0.64,0.0,0.0,0.0,0.0,0.0,0.0,0.0,0.4,0.0,1.0
319,ClC1=CC=CC=C1,7964,C6H5Cl,112.55,InChI=1S/C6H5Cl/c7-6-4-2-1-3-5-6/h1-5H,MVPPADPHJFYWMZ-UHFFFAOYSA-N,chlorobenzene,2.9,112.0079779,112.0079779,0.0,46,0,0,0,0,7,0,0,0,0,0,0,0,1.0,85.3,2.71,1.45,0.62,1.0,0.0,0.0,0.0,0.0,1.0,0.0,0.4,0.0,1.0
320,NCC,6341,C2H7N,45.08,"InChI=1S/C2H7N/c1-2-3/h2-3H2,1H3",QUSNBJAOOMFDIB-UHFFFAOYSA-N,ethanamine,-0.3,45.057849228,45.057849228,26.0,2,0,1,1,0,3,0,0,0,0,0,0,0,1.0,42.4,1.54,0.75,0.59,2.0,0.0,1.0,0.0,1.0,0.0,0.0,0.4,0.0,1.0
321,OS(=O)(=O)O,1118,H2O4S,98.08,"InChI=1S/H2O4S/c1-5(2,3)4/h(H2,1,2,3,4)",QAOWNCQODCNURD-UHFFFAOYSA-N,sulfuric acid,-1.4,97.96737971,97.96737971,83.0,81,0,2,4,0,5,0,0,0,0,0,0,0,1.0,57.4,1.13,1.11,1.09,5.0,4.0,0.0,1.0,0.0,0.0,0.0,0.4,0.0,1.0
322,C1=CC=CC=C1,241,C6H6,78.11,InChI=1S/C6H6/c1-2-4-6-5-3-1/h1-6H,UHOVQNZJYSORNB-UHFFFAOYSA-N,benzene,2.1,78.0469501914,78.0469501914,0.0,15,0,0,0,0,6,0,0,0,0,0,0,0,1.0,67.5,1.59,1.59,0.62,1.0,0.0,0.0,0.0,0.0,1.0,0.0,0.4,0.0,1.0
323,NC,6329,CH5N,31.057,"InChI=1S/CH5N/c1-2/h2H2,1H3",BAVYZALUXZFZLV-UHFFFAOYSA-N,methanamine,-0.7,31.042199164,31.042199164,26.0,2,0,1,1,0,2,0,0,0,0,0,0,0,1.0,29.3,1.07,0.57,0.57,2.0,0.0,1.0,0.0,1.0,0.0,0.0,0.4,0.0,1.0
324,C1=CC=CC=C1Br,7961,C6H5Br,157.01,InChI=1S/C6H5Br/c7-6-4-2-1-3-5-6/h1-5H,QARVLSVVCXYDNA-UHFFFAOYSA-N,bromobenzene,3,155.95746,155.95746,0.0,46,0,0,0,0,7,0,0,0,0,0,0,0,1.0,92.0,3.01,1.44,0.64,2.0,0.0,0.0,0.0,0.0,1.0,1.0,0.4,0.0,1.0
325,NCl,25423,ClH2N,51.47,InChI=1S/ClH2N/c1-2/h2H2,QDHHCQZDFGDHMP-UHFFFAOYSA-N,0.1,50.9875768,50.9875768,26,2.0,0,1,1,0,2,0,0,0,0,0,0,0,1,33.3,1.35,0.6,0.6,0.0,0.0,0.0,0.0,0.0,0.0,0.0,0.4,0.0,1.0,
326,CCCOC1=CC=CC=C1,12155,C9H12O,136.19,"InChI=1S/C9H12O/c1-2-8-10-9-6-4-3-5-7-9/h3-7H,2,8H2,1H3",DSNYFFJTZPIKFZ-UHFFFAOYSA-N,propoxybenzene,3.2,136.088815002,136.088815002,9.2,74,0,0,1,3,10,0,0,0,0,0,0,0,1.0,119.0,6.39,1.29,0.7,3.0,1.0,0.0,0.0,0.0,1.0,1.0,0.6,3.0,9.0
327,CNC(=O)O,30536,C2H5NO2,75.07,"InChI=1S/C2H5NO2/c1-3-2(4)5/h3H,1H3,(H,4,5)",UFEJKYYYVXYMMS-UHFFFAOYSA-N,methylcarbamic acid,-0.4,75.032028402,75.032028402,49.3,42,0,2,2,0,5,0,0,0,0,0,0,0,1.0,56.9,2.11,1.02,0.56,3.0,1.0,1.0,1.0,0.0,0.0,0.0,0.4,1.0,1.0
328,ClOCC,136439,C2H5ClO,80.51,"InChI=1S/C2H5ClO/c1-2-4-3/h2H2,1H3",NSHIYIMHYBAIEY-UHFFFAOYSA-N,ethyl hypochlorite,1.2,80.0028925,80.0028925,9.2,10,0,0,1,0,4,0,0,0,0,0,0,0,1.0,58.5,2.84,0.73,0.6,0.0,0.0,0.0,0.0,0.0,0.0,0.0,0.4,1.0,3.0
329,BrCCC,7840,C3H7Br,122.99,"InChI=1S/C3H7Br/c1-2-3-4/h2-3H2,1H3",CYNYIHKIEHGYOZ-UHFFFAOYSA-N,1-bromopropane,2.1,121.97311,121.97311,0.0,7,0,0,0,1,4,0,0,0,0,0,0,0,1.0,66.2,3.18,0.8,0.65,2.0,0.0,0.0,0.0,0.0,0.0,2.0,0.4,1.0,3.0
330,IC(=O),12550987,CHIO,155.922,InChI=1S/CHIO/c2-1-3/h1H,KWOITLGQRDFDFP-UHFFFAOYSA-N,formyl iodide,0.6,155.90721,155.90721,17.1,12,0,0,1,0,3,0,0,0,0,0,0,0,1.0,53.8,2.16,0.8,0.69,1.0,0.0,0.0,0.0,0.0,0.0,1.0,0.4,0.0,1.0
331,C1=CC=CC=C1OCCC,12155,C9H12O,136.19,"InChI=1S/C9H12O/c1-2-8-10-9-6-4-3-5-7-9/h3-7H,2,8H2,1H3",DSNYFFJTZPIKFZ-UHFFFAOYSA-N,propoxybenzene,3.2,136.088815002,136.088815002,9.2,74,0,0,1,3,10,0,0,0,0,0,0,0,1.0,119.0,6.39,1.29,0.7,3.0,1.0,0.0,0.0,0.0,1.0,1.0,0.6,3.0,9.0
332,IC,6328,CH3I,141.939,InChI=1S/CH3I/c1-2/h1H3,INQOMBQAUSQDDS-UHFFFAOYSA-N,iodomethane,1.5,141.92795,141.92795,0.0,2,0,0,0,0,2,0,0,0,0,0,0,0,1.0,47.8,1.81,0.75,0.75,1.0,0.0,0.0,0.0,0.0,0.0,1.0,0.4,0.0,1.0
333,IOC,15089547,CH3IO,157.938,InChI=1S/CH3IO/c1-3-2/h1H3,XVDFTPMOHNLNCB-UHFFFAOYSA-N,methyl hypoiodite,0.9,157.92286,157.92286,9.2,4,0,0,1,0,3,0,0,0,0,0,0,0,1.0,55.8,2.24,0.83,0.69,0.0,0.0,0.0,0.0,0.0,0.0,0.0,0.4,0.0,1.0
334,OS(=O)(=O)[N+](=O)([O-]),17964515,HNO5S,127.08,"InChI=1S/HNO5S/c2-1(3)7(4,5)6/h(H,4,5,6)",IQZPDFORWZTSKT-UHFFFAOYSA-N,-0.7,126.95754331,126.95754331,109,152.0,0,1,5,0,7,0,0,0,0,0,0,0,1,74.4,1.91,1.27,0.94,6.0,5.0,0.0,1.0,0.0,0.0,0.0,0.4,1.0,1.0,
335,CCCOC,11182,C4H10O,74.12,"InChI=1S/C4H10O/c1-3-4-5-2/h3-4H2,1-2H3",VNKYTQGIUYNRMY-UHFFFAOYSA-N,1-methoxypropane,1.2,74.073164938,74.073164938,9.2,13,0,0,1,2,5,0,0,0,0,0,0,0,1.0,68.1,3.62,0.75,0.6,2.0,1.0,0.0,0.0,0.0,0.0,1.0,0.4,2.0,7.0
336,C(#N)NC,119415,C2H4N2,56.07,"InChI=1S/C2H4N2/c1-4-2-3/h4H,1H3",MCLITRXWHZUNCQ-UHFFFAOYSA-N,methylcyanamide,0.4,56.037448136,56.037448136,35.8,39,0,1,2,0,4,0,0,0,0,0,0,0,1.0,48.1,2.35,0.69,0.57,4.0,1.0,1.0,0.0,2.0,0.0,0.0,0.4,0.0,1.0
337,OC(=O)[N+](=O)([O-]),88689,CHNO4,91.02,"InChI=1S/CHNO4/c3-1(4)2(5)6/h(H,3,4)",LJDZFAPLPVPTBD-UHFFFAOYSA-N,nitroformic acid,0.1,90.99055751,90.99055751,83.1,80,0,1,4,0,6,0,0,0,0,0,0,0,1.0,56.9,1.8,1.3,0.52,4.0,3.0,0.0,1.0,0.0,0.0,0.0,0.4,1.0,2.0
338,C(#N)S(=O)(=O)O,18763746,CHNO3S,107.09,"InChI=1S/CHNO3S/c2-1-6(3,4)5/h(H,3,4,5)",BZWKPZBXAMTXNQ-UHFFFAOYSA-N,sulfurocyanidic acid,-0.8,106.96771407,106.96771407,86.5,163,0,1,4,0,6,0,0,0,0,0,0,0,1.0,67.9,2.02,1.03,1.02,5.0,4.0,0.0,1.0,0.0,0.0,0.0,0.4,0.0,1.0
339,ICl,24640,ClI,162.36,InChI=1S/ClI/c1-2,QZRGKCOWNLSUDK-UHFFFAOYSA-N,1.7,161.87333,161.87333,0,2.0,0,0,0,0,2,0,0,0,0,0,0,0,1,0.0,,,,,,,,,,,,,,
340,NS(=O)(=O)O,5987,H3NO3S,97.10,"InChI=1S/H3NO3S/c1-5(2,3)4/h(H3,1,2,3,4)",IIACRCGMVDHOTQ-UHFFFAOYSA-N,sulfamic acid,-1.6,96.98336413,96.98336413,88.8,92,0,2,4,0,5,0,0,0,0,0,0,0,1.0,58.6,1.19,1.11,1.09,5.0,3.0,1.0,1.0,0.0,0.0,0.0,0.4,0.0,1.0
341,CCCOCCC,8114,C6H14O,102.17,"InChI=1S/C6H14O/c1-3-5-7-6-4-2/h3-6H2,1-2H3",POLCUAVZOMRGSN-UHFFFAOYSA-N,1-propoxypropane,2,102.104465066,102.104465066,9.2,23,0,0,1,4,7,0,0,0,0,0,0,0,1.0,94.0,6.77,0.77,0.6,3.0,1.0,0.0,0.0,0.0,0.0,2.0,0.6,4.0,10.0
342,OC(=O)Br,20435474,CHBrO2,124.92,"InChI=1S/CHBrO2/c2-1(3)4/h(H,3,4)",GUPWNYUKYICHQX-UHFFFAOYSA-N,carbonobromidic acid,0.9,123.91599,123.91599,37.3,33,0,1,2,0,4,0,0,0,0,0,0,0,1.0,55.5,1.81,1.11,0.61,4.0,2.0,0.0,1.0,0.0,0.0,1.0,0.4,0.0,1.0
343,CCOBr,17878521,C2H5BrO,124.96,"InChI=1S/C2H5BrO/c1-2-4-3/h2H2,1H3",NAWPQGYGWZBSNV-UHFFFAOYSA-N,ethyl hypobromite,1.4,123.95238,123.95238,9.2,10,0,0,1,0,4,0,0,0,0,0,0,0,1.0,62.8,3.09,0.75,0.63,0.0,0.0,0.0,0.0,0.0,0.0,0.0,0.4,1.0,3.0
344,[N+](=O)([O-])C(=O)O,88689,CHNO4,91.02,"InChI=1S/CHNO4/c3-1(4)2(5)6/h(H,3,4)",LJDZFAPLPVPTBD-UHFFFAOYSA-N,nitroformic acid,0.1,90.99055751,90.99055751,83.1,80,0,1,4,0,6,0,0,0,0,0,0,0,1.0,56.9,1.8,1.3,0.52,4.0,3.0,0.0,1.0,0.0,0.0,0.0,0.4,1.0,2.0
345,CC(=O),177,C2H4O,44.05,"InChI=1S/C2H4O/c1-2-3/h2H,1H3",IKHGUXGNUITLKF-UHFFFAOYSA-N,acetaldehyde,-0.3,44.026214747,44.026214747,17.1,10,0,0,1,0,3,0,0,0,0,0,0,0,1.0,39.9,1.5,0.68,0.58,1.0,1.0,0.0,0.0,0.0,0.0,0.0,0.4,0.0,1.0
346,ON,787,H3NO,33.030,"InChI=1S/H3NO/c1-2/h2H,1H2",AVXURJPOCDRRFD-UHFFFAOYSA-N,hydroxylamine,-1.2,33.021463719,33.021463719,46.2,2,0,2,2,0,2,0,0,0,0,0,0,0,1.0,25.2,1.03,0.5,0.5,0.0,0.0,0.0,0.0,0.0,0.0,0.0,0.4,0.0,1.0
347,CC,6324,C2H6,30.07,InChI=1S/C2H6/c1-2/h1-2H3,OTMSDBZUPAUEDD-UHFFFAOYSA-N,ethane,1.3,30.0469501914,30.0469501914,0.0,0,0,0,0,0,2,0,0,0,0,0,0,0,1.0,33.4,1.19,0.62,0.62,2.0,0.0,0.0,0.0,0.0,0.0,2.0,0.4,0.0,1.0
348,[N+](=O)([O-])CC,6587,C2H5NO2,75.07,"InChI=1S/C2H5NO2/c1-2-3(4)5/h2H2,1H3",MCSAJNNLRCFZED-UHFFFAOYSA-N,1-nitroethane,0.2,75.032028402,75.032028402,45.8,37,0,0,2,0,5,0,0,0,0,0,0,0,1.0,58.0,1.91,0.97,0.72,3.0,2.0,0.0,1.0,0.0,0.0,0.0,0.4,1.0,2.0
349,OS(=O)(=O)C,6395,CH4O3S,96.11,"InChI=1S/CH4O3S/c1-5(2,3)4/h1H3,(H,2,3,4)",AFVFQIVMOAPDHO-UHFFFAOYSA-N,methanesulfonic acid,-0.9,95.98811516,95.98811516,62.8,92,0,1,3,0,5,0,0,0,0,0,0,0,1.0,62.4,1.33,1.11,1.09,4.0,3.0,0.0,1.0,0.0,0.0,0.0,0.4,0.0,1.0
350,CCC(#N),7854,C3H5N,55.08,"InChI=1S/C3H5N/c1-2-3-4/h2H2,1H3",FVSKHRXBFJPNKK-UHFFFAOYSA-N,propanenitrile,0.2,55.042199164,55.042199164,23.8,38,0,0,1,0,4,0,0,0,0,0,0,0,1.0,51.2,2.24,0.79,0.6,2.0,1.0,0.0,0.0,0.0,0.0,1.0,0.4,0.0,1.0
351,CCCOC(=O)O,37714,C4H8O3,104.10,"InChI=1S/C4H8O3/c1-2-3-7-4(5)6/h2-3H2,1H3,(H,5,6)",FOWDZVNRQHPXDO-UHFFFAOYSA-N,propyl hydrogen carbonate,1.3,104.047344113,104.047344113,46.5,60,0,1,3,3,7,0,0,0,0,0,0,0,1.0,81.7,4.62,0.96,0.57,4.0,2.0,0.0,1.0,0.0,0.0,1.0,0.4,3.0,10.0
352,CCC,6334,C3H8,44.10,"InChI=1S/C3H8/c1-3-2/h3H2,1-2H3",ATUOYWHBWRKTHZ-UHFFFAOYSA-N,propane,1.8,44.062600255,44.062600255,0.0,0,0,0,0,0,3,0,0,0,0,0,0,0,1.0,46.4,1.67,0.78,0.62,1.0,0.0,0.0,0.0,0.0,0.0,1.0,0.4,0.0,1.0
353,[N+](=O)([O-])OCC,12259,C2H5NO3,91.07,"InChI=1S/C2H5NO3/c1-2-6-3(4)5/h2H2,1H3",IDNUEBSJWINEMI-UHFFFAOYSA-N,ethyl nitrate,0.9,91.026943022,91.026943022,55.0,47,0,0,3,1,6,0,0,0,0,0,0,0,1.0,67.4,3.17,0.95,0.55,2.0,2.0,0.0,0.0,0.0,0.0,0.0,0.4,2.0,6.0
354,CCCC(#N),8008,C4H7N,69.11,"InChI=1S/C4H7N/c1-2-3-4-5/h2-3H2,1H3",KVNRLNFWIYMESJ-UHFFFAOYSA-N,butanenitrile,0.5,69.057849228,69.057849228,23.8,47,0,0,1,1,5,0,0,0,0,0,0,0,1.0,64.2,3.43,0.75,0.6,2.0,1.0,0.0,0.0,0.0,0.0,1.0,0.4,1.0,3.0
355,OS(=O)(=O)CC,11668,C2H6O3S,110.13,"InChI=1S/C2H6O3S/c1-2-6(3,4)5/h2H2,1H3,(H,3,4,5)",CCIVGXIOQKPBKL-UHFFFAOYSA-N,ethanesulfonic acid,-0.5,110.00376522,110.00376522,62.8,105,0,1,3,1,6,0,0,0,0,0,0,0,1.0,74.8,2.15,1.06,1.01,4.0,3.0,0.0,1.0,0.0,0.0,0.0,0.4,1.0,1.0
356,C(#N)F,137036,CFN,45.016,InChI=1S/CFN/c2-1-3,CPPKAGUPTKIMNP-UHFFFAOYSA-N,carbononitridic fluoride,0.5,45.001477166,45.001477166,23.8,31,0,0,2,0,3,0,0,0,0,0,0,0,1.0,32.8,1.45,0.54,0.54,1.0,1.0,0.0,0.0,0.0,0.0,0.0,0.4,0.0,1.0
357,CCCBr,7840,C3H7Br,122.99,"InChI=1S/C3H7Br/c1-2-3-4/h2-3H2,1H3",CYNYIHKIEHGYOZ-UHFFFAOYSA-N,1-bromopropane,2.1,121.97311,121.97311,0.0,7,0,0,0,1,4,0,0,0,0,0,0,0,1.0,66.2,3.18,0.8,0.65,2.0,0.0,0.0,0.0,0.0,0.0,2.0,0.4,1.0,3.0
358,CS(=O)(=O)O,6395,CH4O3S,96.11,"InChI=1S/CH4O3S/c1-5(2,3)4/h1H3,(H,2,3,4)",AFVFQIVMOAPDHO-UHFFFAOYSA-N,methanesulfonic acid,-0.9,95.98811516,95.98811516,62.8,92,0,1,3,0,5,0,0,0,0,0,0,0,1.0,62.4,1.33,1.11,1.09,4.0,3.0,0.0,1.0,0.0,0.0,0.0,0.4,0.0,1.0
359,C(=O)C1=CC=CC=C1,240,C7H6O,106.12,InChI=1S/C7H6O/c8-6-7-4-2-1-3-5-7/h1-6H,HUMNYLRZRPPJDN-UHFFFAOYSA-N,benzaldehyde,1.5,106.041864811,106.041864811,17.1,72,0,0,1,1,8,0,0,0,0,0,0,0,1.0,90.5,3.12,1.41,0.6,2.0,1.0,0.0,0.0,0.0,1.0,0.0,0.4,1.0,1.0
360,C,297,CH4,16.043,InChI=1S/CH4/h1H4,VNWKTOKETHGBQD-UHFFFAOYSA-N,methane,0.6,16.0313001276,16.0313001276,0.0,0,0,0,0,0,1,0,0,0,0,0,0,0,1.0,20.6,0.62,0.62,0.62,0.0,0.0,0.0,0.0,0.0,0.0,0.0,0.4,0.0,1.0
361,C1=CC=CC=C1CCC,7668,C9H12,120.19,"InChI=1S/C9H12/c1-2-6-9-7-4-3-5-8-9/h3-5,7-8H,2,6H2,1H3",ODLMAHJVESYWTB-UHFFFAOYSA-N,propylbenzene,3.7,120.093900383,120.093900383,0.0,60,0,0,0,2,9,0,0,0,0,0,0,0,1.0,105.9,4.92,1.27,0.74,2.0,0.0,0.0,0.0,0.0,1.0,1.0,0.4,2.0,3.0
362,C1=CC=CC=C1S(=O)(=O)O,7371,C6H6O3S,158.18,"InChI=1S/C6H6O3S/c7-10(8,9)6-4-2-1-3-5-6/h1-5H,(H,7,8,9)",SRSXLGNVWSONIS-UHFFFAOYSA-N,benzenesulfonic acid,0,158.00376522,158.00376522,62.8,184,0,1,3,1,10,0,0,0,0,0,0,0,1.0,112.8,3.93,1.47,0.84,5.0,3.0,0.0,1.0,0.0,1.0,0.0,0.4,1.0,1.0
363,CC[N+](=O)([O-]),6587,C2H5NO2,75.07,"InChI=1S/C2H5NO2/c1-2-3(4)5/h2H2,1H3",MCSAJNNLRCFZED-UHFFFAOYSA-N,1-nitroethane,0.2,75.032028402,75.032028402,45.8,37,0,0,2,0,5,0,0,0,0,0,0,0,1.0,58.0,1.91,0.97,0.72,3.0,2.0,0.0,1.0,0.0,0.0,0.0,0.4,1.0,2.0
364,IOCC,12756358,C2H5IO,171.96,"InChI=1S/C2H5IO/c1-2-4-3/h2H2,1H3",XGZVPYGIUMLWIE-UHFFFAOYSA-N,ethyl hypoiodite,1.3,171.93851,171.93851,9.2,10,0,0,1,0,4,0,0,0,0,0,0,0,1.0,68.5,3.4,0.79,0.68,0.0,0.0,0.0,0.0,0.0,0.0,0.0,0.4,1.0,3.0
365,CCCO,1031,C3H8O,60.10,"InChI=1S/C3H8O/c1-2-3-4/h4H,2-3H2,1H3",BDERNNFJNOPAEC-UHFFFAOYSA-N,propan-1-ol,0.3,60.057514874,60.057514874,20.2,7,0,1,1,1,4,0,0,0,0,0,0,0,1.0,54.4,2.36,0.75,0.59,3.0,1.0,1.0,0.0,0.0,0.0,1.0,0.4,1.0,3.0
366,NC1=CC=CC=C1,6115,C6H7N,93.13,"InChI=1S/C6H7N/c7-6-4-2-1-3-5-6/h1-5H,7H2",PAYRUJLWNCNPSJ-UHFFFAOYSA-N,aniline,0.9,93.057849228,93.057849228,26.0,46,0,1,1,0,7,0,0,0,0,0,0,0,1.0,80.4,2.25,1.47,0.6,3.0,0.0,1.0,0.0,1.0,1.0,0.0,0.4,0.0,1.0
367,CNC1=CC=CC=C1,7515,C7H9N,107.15,"InChI=1S/C7H9N/c1-8-7-5-3-2-4-6-7/h2-6,8H,1H3",AFBPFSWMIHJQDM-UHFFFAOYSA-N,N-methylaniline,1.7,107.073499291,107.073499291,12.0,55,0,1,1,1,8,0,0,0,0,0,0,0,1.0,93.7,3.34,1.4,0.63,3.0,0.0,1.0,0.0,1.0,1.0,0.0,0.4,1.0,2.0
368,ClNC,80260,CH4ClN,65.50,"InChI=1S/CH4ClN/c1-3-2/h3H,1H3",QXJIABOUHLYVHP-UHFFFAOYSA-N,N-chloromethanamine,0.1,65.0032268,65.0032268,12.0,4,0,1,1,0,3,0,0,0,0,0,0,0,1.0,46.9,1.93,0.75,0.6,0.0,0.0,0.0,0.0,0.0,0.0,0.0,0.4,0.0,1.0
369,FI,139637,FI,145.9029,InChI=1S/FI/c1-2,PDJAZCSYYQODQF-UHFFFAOYSA-N,1.4,145.90288,145.90288,0,2.0,0,0,1,0,2,0,0,0,0,0,0,0,1,0.0,,,,,,,,,,,,,,
370,CCO[N+](=O)([O-]),12259,C2H5NO3,91.07,"InChI=1S/C2H5NO3/c1-2-6-3(4)5/h2H2,1H3",IDNUEBSJWINEMI-UHFFFAOYSA-N,ethyl nitrate,0.9,91.026943022,91.026943022,55.0,47,0,0,3,1,6,0,0,0,0,0,0,0,1.0,67.4,3.17,0.95,0.55,2.0,2.0,0.0,0.0,0.0,0.0,0.0,0.4,2.0,6.0
371,CCCOCCC,8114,C6H14O,102.17,"InChI=1S/C6H14O/c1-3-5-7-6-4-2/h3-6H2,1-2H3",POLCUAVZOMRGSN-UHFFFAOYSA-N,1-propoxypropane,2,102.104465066,102.104465066,9.2,23,0,0,1,4,7,0,0,0,0,0,0,0,1.0,94.0,6.77,0.77,0.6,3.0,1.0,0.0,0.0,0.0,0.0,2.0,0.6,4.0,10.0
372,FS(=O)(=O)O,24603,FHO3S,100.07,"InChI=1S/FHO3S/c1-5(2,3)4/h(H,2,3,4)",UQSQSQZYBQSBJZ-UHFFFAOYSA-N,sulfurofluoridic acid,-0.3,99.96304323,99.96304323,62.8,92,0,1,4,0,5,0,0,0,0,0,0,0,1.0,56.2,1.13,1.12,1.02,4.0,3.0,0.0,1.0,0.0,0.0,0.0,0.4,0.0,1.0
373,CCNC,12219,C3H9N,59.11,"InChI=1S/C3H9N/c1-3-4-2/h4H,3H2,1-2H3",LIWAQLJGPBVORC-UHFFFAOYSA-N,N-methylethanamine,0.1,59.073499291,59.073499291,12.0,7,0,1,1,1,4,0,0,0,0,0,0,0,1.0,56.2,2.59,0.72,0.6,2.0,0.0,1.0,0.0,1.0,0.0,0.0,0.4,1.0,3.0
374,OC1=CC=CC=C1,996,C6H6O,94.11,"InChI=1S/C6H6O/c7-6-4-2-1-3-5-6/h1-5,7H",ISWSIDIOOBJBQZ-UHFFFAOYSA-N,phenol,1.5,94.041864811,94.041864811,20.2,46,0,1,1,0,7,0,0,0,0,0,0,0,1.0,79.5,2.19,1.47,0.6,2.0,0.0,1.0,0.0,0.0,1.0,0.0,0.4,0.0,1.0
375,CCCl,6337,C2H5Cl,64.51,"InChI=1S/C2H5Cl/c1-2-3/h2H2,1H3",HRYZWHHZPQKTII-UHFFFAOYSA-N,chloroethane,1.2,64.0079779,64.0079779,0.0,2,0,0,0,0,3,0,0,0,0,0,0,0,1.0,49.7,1.88,0.82,0.63,0.0,0.0,0.0,0.0,0.0,0.0,0.0,0.4,0.0,1.0
376,COC1=CC=CC=C1,7519,C7H8O,108.14,"InChI=1S/C7H8O/c1-8-7-5-3-2-4-6-7/h2-6H,1H3",RDOXTESZEPMUJZ-UHFFFAOYSA-N,anisole,2.1,108.057514874,108.057514874,9.2,55,0,0,1,1,8,0,0,0,0,0,0,0,1.0,92.6,3.2,1.42,0.6,2.0,1.0,0.0,0.0,0.0,1.0,0.0,0.4,1.0,1.0
377,CC1=CC=CC=C1,1140,C7H8,92.14,"InChI=1S/C7H8/c1-7-5-3-2-4-6-7/h2-6H,1H3",YXFVVABEGXRONW-UHFFFAOYSA-N,toluene,2.7,92.062600255,92.062600255,0.0,42,0,0,0,0,7,0,0,0,0,0,0,0,1.0,80.1,2.47,1.45,0.62,1.0,0.0,0.0,0.0,0.0,1.0,0.0,0.4,0.0,1.0
378,C1=CC=CC=C1C(#N),7505,C7H5N,103.12,InChI=1S/C7H5N/c8-6-7-4-2-1-3-5-7/h1-5H,JFDZBHWFFUWGJE-UHFFFAOYSA-N,benzonitrile,1.6,103.042199164,103.042199164,23.8,103,0,0,1,0,8,0,0,0,0,0,0,0,1.0,89.4,3.37,1.36,0.61,2.0,1.0,0.0,0.0,0.0,1.0,0.0,0.4,0.0,1.0
379,CCCCC,8003,C5H12,72.15,"InChI=1S/C5H12/c1-3-5-4-2/h3-5H2,1-2H3",OFBQJSOFQDEBGM-UHFFFAOYSA-N,pentane,3.4,72.093900383,72.093900383,0.0,7,0,0,0,2,5,0,0,0,0,0,0,0,1.0,72.3,3.79,0.79,0.62,2.0,0.0,0.0,0.0,0.0,0.0,2.0,0.4,2.0,5.0
380,COI,15089547,CH3IO,157.938,InChI=1S/CH3IO/c1-3-2/h1H3,XVDFTPMOHNLNCB-UHFFFAOYSA-N,methyl hypoiodite,0.9,157.92286,157.92286,9.2,4,0,0,1,0,3,0,0,0,0,0,0,0,1.0,55.8,2.24,0.83,0.69,0.0,0.0,0.0,0.0,0.0,0.0,0.0,0.4,0.0,1.0
381,C(=O)CC,527,C3H6O,58.08,"InChI=1S/C3H6O/c1-2-3-4/h3H,2H2,1H3",NBBJYMSMWIIQGU-UHFFFAOYSA-N,propanal,0.6,58.041864811,58.041864811,17.1,17,0,0,1,1,4,0,0,0,0,0,0,0,1.0,52.4,1.82,0.95,0.59,2.0,1.0,0.0,0.0,0.0,0.0,1.0,0.4,1.0,3.0
382,CCOCCC,12340,C5H12O,88.15,"InChI=1S/C5H12O/c1-3-5-6-4-2/h3-5H2,1-2H3",NVJUHMXYKCUMQA-UHFFFAOYSA-N,1-ethoxypropane,1.3,88.088815002,88.088815002,9.2,19,0,0,1,3,6,0,0,0,0,0,0,0,1.0,81.1,5.06,0.77,0.6,2.0,1.0,0.0,0.0,0.0,0.0,1.0,0.4,3.0,10.0
383,C1=CC=CC=C1NC,7515,C7H9N,107.15,"InChI=1S/C7H9N/c1-8-7-5-3-2-4-6-7/h2-6,8H,1H3",AFBPFSWMIHJQDM-UHFFFAOYSA-N,N-methylaniline,1.7,107.073499291,107.073499291,12.0,55,0,1,1,1,8,0,0,0,0,0,0,0,1.0,93.7,3.34,1.4,0.63,3.0,0.0,1.0,0.0,1.0,1.0,0.0,0.4,1.0,2.0
384,CCCOCC,12340,C5H12O,88.15,"InChI=1S/C5H12O/c1-3-5-6-4-2/h3-5H2,1-2H3",NVJUHMXYKCUMQA-UHFFFAOYSA-N,1-ethoxypropane,1.3,88.088815002,88.088815002,9.2,19,0,0,1,3,6,0,0,0,0,0,0,0,1.0,81.1,5.06,0.77,0.6,2.0,1.0,0.0,0.0,0.0,0.0,1.0,0.4,3.0,10.0
385,CCOS(=O)(=O)O,6004,C2H6O4S,126.13,"InChI=1S/C2H6O4S/c1-2-6-7(3,4)5/h2H2,1H3,(H,3,4,5)",KIWBPDUYBMNFTB-UHFFFAOYSA-N,ethyl hydrogen sulfate,-0.5,125.99867984,125.99867984,72.0,117,0,1,4,2,7,0,0,0,0,0,0,0,1.0,83.8,3.43,0.98,0.95,4.0,3.0,0.0,1.0,0.0,0.0,0.0,0.4,2.0,3.0
386,C(#N)Cl,10477,CClN,61.47,InChI=1S/CClN/c2-1-3,QPJDMGCKMHUXFD-UHFFFAOYSA-N,carbononitridic chloride,1,60.9719267,60.9719267,23.8,31,0,0,1,0,3,0,0,0,0,0,0,0,1.0,42.6,2.01,0.6,0.6,1.0,1.0,0.0,0.0,0.0,0.0,0.0,0.4,0.0,1.0
387,FC(#N),137036,CFN,45.016,InChI=1S/CFN/c2-1-3,CPPKAGUPTKIMNP-UHFFFAOYSA-N,carbononitridic fluoride,0.5,45.001477166,45.001477166,23.8,31,0,0,2,0,3,0,0,0,0,0,0,0,1.0,32.8,1.45,0.54,0.54,1.0,1.0,0.0,0.0,0.0,0.0,0.0,0.4,0.0,1.0
388,CCCCl,10899,C3H7Cl,78.54,"InChI=1S/C3H7Cl/c1-2-3-4/h2-3H2,1H3",SNMVRZFUUCLYTO-UHFFFAOYSA-N,1-chloropropane,2,78.0236279,78.0236279,0.0,7,0,0,0,1,4,0,0,0,0,0,0,0,1.0,61.4,2.17,1.05,0.68,1.0,0.0,0.0,0.0,0.0,0.0,1.0,0.4,1.0,3.0
389,CNOCCC,19040543,C4H11NO,89.14,"InChI=1S/C4H11NO/c1-3-4-6-5-2/h5H,3-4H2,1-2H3",CMJUIQHOXMXIFQ-UHFFFAOYSA-N,N-propoxymethanamine,0.7,89.084063974,89.084063974,21.3,23,0,1,2,3,6,0,0,0,0,0,0,0,1.0,78.4,4.93,0.75,0.6,1.0,0.0,0.0,0.0,0.0,0.0,1.0,0.4,3.0,10.0
390,CCON,69357,C2H7NO,61.08,"InChI=1S/C2H7NO/c1-2-4-3/h2-3H2,1H3",AQFWNELGMODZGC-UHFFFAOYSA-N,O-ethylhydroxylamine,-0.3,61.052763847,61.052763847,35.2,10,0,1,2,1,4,0,0,0,0,0,0,0,1.0,51.7,2.36,0.7,0.57,0.0,0.0,0.0,0.0,0.0,0.0,0.0,0.4,1.0,3.0
391,OC(=O)C1=CC=CC=C1,243,C7H6O2,122.12,"InChI=1S/C7H6O2/c8-7(9)6-4-2-1-3-5-6/h1-5H,(H,8,9)",WPYMKLBDIGXBTP-UHFFFAOYSA-N,benzoic acid,1.9,122.036779430,122.036779430,37.3,104,0,1,2,1,9,0,0,0,0,0,0,0,1.0,98.2,3.43,1.51,0.6,4.0,2.0,0.0,1.0,0.0,1.0,0.0,0.4,1.0,2.0
392,OS(=O)(=O)C1=CC=CC=C1,7371,C6H6O3S,158.18,"InChI=1S/C6H6O3S/c7-10(8,9)6-4-2-1-3-5-6/h1-5H,(H,7,8,9)",SRSXLGNVWSONIS-UHFFFAOYSA-N,benzenesulfonic acid,0,158.00376522,158.00376522,62.8,184,0,1,3,1,10,0,0,0,0,0,0,0,1.0,112.8,3.93,1.47,0.84,5.0,3.0,0.0,1.0,0.0,1.0,0.0,0.4,1.0,1.0
393,CNOCC,14895678,C3H9NO,75.11,"InChI=1S/C3H9NO/c1-3-5-4-2/h4H,3H2,1-2H3",LUKNLVTZDZMBOU-UHFFFAOYSA-N,N-ethoxymethanamine,0.2,75.068413911,75.068413911,21.3,16,0,1,2,2,5,0,0,0,0,0,0,0,1.0,65.5,3.56,0.76,0.58,0.0,0.0,0.0,0.0,0.0,0.0,0.0,0.4,2.0,5.0
394,CCOC1=CC=CC=C1,7674,C8H10O,122.16,"InChI=1S/C8H10O/c1-2-9-8-6-4-3-5-7-8/h3-7H,2H2,1H3",DLRJIFUOBPOJNS-UHFFFAOYSA-N,ethoxybenzene,2.5,122.073164938,122.073164938,9.2,65,0,0,1,2,9,0,0,0,0,0,0,0,1.0,106.0,4.67,1.33,0.66,2.0,1.0,0.0,0.0,0.0,1.0,0.0,0.4,2.0,6.0
395,C1=CC=CC=C1CC,7500,C8H10,106.16,"InChI=1S/C8H10/c1-2-8-6-4-3-5-7-8/h3-7H,2H2,1H3",YNQLUTRBYVCPMQ-UHFFFAOYSA-N,ethylbenzene,3.1,106.078250319,106.078250319,0.0,51,0,0,0,1,8,0,0,0,0,0,0,0,1.0,93.0,3.35,1.35,0.75,2.0,0.0,0.0,0.0,0.0,1.0,1.0,0.4,1.0,1.0
396,CCCC1=CC=CC=C1,7668,C9H12,120.19,"InChI=1S/C9H12/c1-2-6-9-7-4-3-5-8-9/h3-5,7-8H,2,6H2,1H3",ODLMAHJVESYWTB-UHFFFAOYSA-N,propylbenzene,3.7,120.093900383,120.093900383,0.0,60,0,0,0,2,9,0,0,0,0,0,0,0,1.0,105.9,4.92,1.27,0.74,2.0,0.0,0.0,0.0,0.0,1.0,1.0,0.4,2.0,3.0
397,BrOCC,17878521,C2H5BrO,124.96,"InChI=1S/C2H5BrO/c1-2-4-3/h2H2,1H3",NAWPQGYGWZBSNV-UHFFFAOYSA-N,ethyl hypobromite,1.4,123.95238,123.95238,9.2,10,0,0,1,0,4,0,0,0,0,0,0,0,1.0,62.8,3.09,0.75,0.63,0.0,0.0,0.0,0.0,0.0,0.0,0.0,0.4,1.0,3.0
398,CCC1=CC=CC=C1,7500,C8H10,106.16,"InChI=1S/C8H10/c1-2-8-6-4-3-5-7-8/h3-7H,2H2,1H3",YNQLUTRBYVCPMQ-UHFFFAOYSA-N,ethylbenzene,3.1,106.078250319,106.078250319,0.0,51,0,0,0,1,8,0,0,0,0,0,0,0,1.0,93.0,3.35,1.35,0.75,2.0,0.0,0.0,0.0,0.0,1.0,1.0,0.4,1.0,1.0
